slug,title,title_ja,summary,dominant_hue,moods,era,color_count,hex_1,color_1,color_1_ja,hex_2,color_2,color_2_ja,hex_3,color_3,color_3_ja,hex_4,color_4,color_4_ja,canonical_url,api_url,embed_url,og_url
kurenai-kon,Crimson & Navy,紅と紺,Deep safflower crimson against navy - the courtly contrast of Heian-era robes and formal Edo textiles.,red,refined|solemn|bold,heian,3,#9A2A2A,Kurenai,紅,#1B2A4E,Kon,紺,#F4EEE0,Gofun,胡粉,,,,https://colorcombinations.org/palettes/kurenai-kon/,https://colorcombinations.org/api/palettes/kurenai-kon.json,https://colorcombinations.org/embed/kurenai-kon/,https://colorcombinations.org/og/kurenai-kon.svg
sakura-wakatake,Cherry Blossom & Young Bamboo,桜と若竹,"The softest pink of cherry blossoms set beside young bamboo green - spring, captured.",pink,serene|refined|playful,heian,4,#F9D5E0,Sakura,桜,#A3C293,Wakatake,若竹,#F8F4E9,Kinari,生成,#4C5D3F,Matsuba,松葉,https://colorcombinations.org/palettes/sakura-wakatake/,https://colorcombinations.org/api/palettes/sakura-wakatake.json,https://colorcombinations.org/embed/sakura-wakatake/,https://colorcombinations.org/og/sakura-wakatake.svg
asagi-shu,Pale Blue & Vermillion,浅葱と朱,The faded blue of Shinsengumi jackets against shrine-gate vermillion - restrained power.,blue,bold|solemn|refined,edo,4,#6B9BB0,Asagi,浅葱,#D8453A,Shu,朱,#F4EEE0,Gofun,胡粉,#2B2B2B,Sumi,墨,https://colorcombinations.org/palettes/asagi-shu/,https://colorcombinations.org/api/palettes/asagi-shu.json,https://colorcombinations.org/embed/asagi-shu/,https://colorcombinations.org/og/asagi-shu.svg
kariyasu-rikyu,Grass Yellow & Rikyū Grey,刈安と利休鼠,Wild grass yellow tempered by the muted grey favored by the tea master Sen no Rikyū.,yellow,serene|earthy|austere|refined,muromachi,3,#DCCB7A,Kariyasu,刈安,#878A74,Rikyū-nezumi,利休鼠,#F3EBDA,Neri-iro,練色,,,,https://colorcombinations.org/palettes/kariyasu-rikyu/,https://colorcombinations.org/api/palettes/kariyasu-rikyu.json,https://colorcombinations.org/embed/kariyasu-rikyu/,https://colorcombinations.org/og/kariyasu-rikyu.svg
gunjo-gofun,Ultramarine & Chalk White,群青と胡粉,The deep ultramarine of Buddhist mineral pigment against temple chalk white.,blue,solemn|serene|austere,kamakura,3,#264A6B,Gunjō,群青,#F4EEE0,Gofun,胡粉,#C5AC6B,Kogane,黄金,,,,https://colorcombinations.org/palettes/gunjo-gofun/,https://colorcombinations.org/api/palettes/gunjo-gofun.json,https://colorcombinations.org/embed/gunjo-gofun/,https://colorcombinations.org/og/gunjo-gofun.svg
kaki-kogecha,Persimmon & Burnt Brown,柿と焦茶,Autumn persimmon against scorched cedar - harvest colors from the countryside.,orange,earthy|warm|austere,edo,3,#D66B37,Kaki,柿,#4B2E20,Kogecha,焦茶,#E8D8B7,Kinuta,砧,,,,https://colorcombinations.org/palettes/kaki-kogecha/,https://colorcombinations.org/api/palettes/kaki-kogecha.json,https://colorcombinations.org/embed/kaki-kogecha/,https://colorcombinations.org/og/kaki-kogecha.svg
murasaki-gin,Royal Purple & Silver,紫と銀,Imperial purple set against lunar silver - Heian courtly luxury at its quietest.,purple,refined|solemn|cool,heian,4,#7A4E8F,Murasaki,紫,#BCBCBE,Gin,銀,#2B2B2B,Sumi,墨,#F4EEE0,Gofun,胡粉,https://colorcombinations.org/palettes/murasaki-gin/,https://colorcombinations.org/api/palettes/murasaki-gin.json,https://colorcombinations.org/embed/murasaki-gin/,https://colorcombinations.org/og/murasaki-gin.svg
moegi-sumi,Spring Green & Ink,萌黄と墨,Young shoot green against sumi ink - the two extremes of the Japanese calligrapher's world.,green,austere|refined|serene,kamakura,3,#A7C957,Moegi,萌黄,#1C1C1C,Sumi,墨,#F8F4E9,Kinari,生成,,,,https://colorcombinations.org/palettes/moegi-sumi/,https://colorcombinations.org/api/palettes/moegi-sumi.json,https://colorcombinations.org/embed/moegi-sumi/,https://colorcombinations.org/og/moegi-sumi.svg
daidai-kon,Bitter Orange & Navy,橙と紺,The sharp orange of the daidai citrus set off by deep indigo navy.,orange,bold|warm|playful,edo,3,#F28C28,Daidai,橙,#1B2A4E,Kon,紺,#F4EEE0,Gofun,胡粉,,,,https://colorcombinations.org/palettes/daidai-kon/,https://colorcombinations.org/api/palettes/daidai-kon.json,https://colorcombinations.org/embed/daidai-kon/,https://colorcombinations.org/og/daidai-kon.svg
seiji-kinari,Celadon & Unbleached,青磁と生成,Celadon pottery green beside the unbleached warmth of raw silk.,green,serene|earthy|refined,muromachi,3,#8DB6A5,Seiji,青磁,#F3EBDA,Kinari,生成,#6E7B6A,Matsuba,松葉,,,,https://colorcombinations.org/palettes/seiji-kinari/,https://colorcombinations.org/api/palettes/seiji-kinari.json,https://colorcombinations.org/embed/seiji-kinari/,https://colorcombinations.org/og/seiji-kinari.svg
akane-tokiwa,Madder Red & Evergreen,茜と常磐,The rooted red of madder-dyed cotton set against enduring pine green.,red,earthy|bold|solemn,edo,4,#B23B3B,Akane,茜,#344E3D,Tokiwa,常磐,#EAE1CC,Suna-iro,砂色,#2B2B2B,Sumi,墨,https://colorcombinations.org/palettes/akane-tokiwa/,https://colorcombinations.org/api/palettes/akane-tokiwa.json,https://colorcombinations.org/embed/akane-tokiwa/,https://colorcombinations.org/og/akane-tokiwa.svg
ruri-gofun,Lapis & Chalk,瑠璃と胡粉,Lapis lazuli blue against oyster-shell white - the color of Buddhist scripture.,blue,solemn|serene|refined,heian,3,#1E4B8A,Ruri,瑠璃,#F4EEE0,Gofun,胡粉,#D4AF37,Kogane,黄金,,,,https://colorcombinations.org/palettes/ruri-gofun/,https://colorcombinations.org/api/palettes/ruri-gofun.json,https://colorcombinations.org/embed/ruri-gofun/,https://colorcombinations.org/og/ruri-gofun.svg
nadeshiko-mizu,Pink Dianthus & Water,撫子と水色,The soft pink of wild dianthus beside the translucent blue of mountain water.,pink,serene|playful|refined,heian,3,#EBA6B4,Nadeshiko,撫子,#B4D6E5,Mizu-iro,水色,#F8F4E9,Kinari,生成,,,,https://colorcombinations.org/palettes/nadeshiko-mizu/,https://colorcombinations.org/api/palettes/nadeshiko-mizu.json,https://colorcombinations.org/embed/nadeshiko-mizu/,https://colorcombinations.org/og/nadeshiko-mizu.svg
matcha-kinari,Matcha & Raw Silk,抹茶と生成,Whisked matcha green against the color of raw silk - the still life of a tea bowl.,green,serene|earthy|austere,muromachi,3,#A7B86B,Matcha,抹茶,#F3EBDA,Kinari,生成,#6C5A3C,Cha,茶,,,,https://colorcombinations.org/palettes/matcha-kinari/,https://colorcombinations.org/api/palettes/matcha-kinari.json,https://colorcombinations.org/embed/matcha-kinari/,https://colorcombinations.org/og/matcha-kinari.svg
entan-sumi,Red Lead & Ink,鉛丹と墨,The dense orange-red of lead oxide pigment struck against ink black.,red,bold|solemn,kamakura,3,#C8411D,Entan,鉛丹,#1C1C1C,Sumi,墨,#D4AF37,Kogane,黄金,,,,https://colorcombinations.org/palettes/entan-sumi/,https://colorcombinations.org/api/palettes/entan-sumi.json,https://colorcombinations.org/embed/entan-sumi/,https://colorcombinations.org/og/entan-sumi.svg
yamabuki-kuri,Kerria Gold & Chestnut,山吹と栗,The bright gold of the kerria flower against the warm brown of roasted chestnut.,yellow,warm|earthy|playful,edo,3,#F5B71C,Yamabuki,山吹,#6B3E26,Kuri,栗,#F8F4E9,Kinari,生成,,,,https://colorcombinations.org/palettes/yamabuki-kuri/,https://colorcombinations.org/api/palettes/yamabuki-kuri.json,https://colorcombinations.org/embed/yamabuki-kuri/,https://colorcombinations.org/og/yamabuki-kuri.svg
fuji-ai,Wisteria & Indigo,藤と藍,The soft lavender of wisteria blossoms against deep indigo.,purple,serene|refined|cool,heian,3,#B5A6C9,Fuji,藤,#1C3D5A,Ai,藍,#F4EEE0,Gofun,胡粉,,,,https://colorcombinations.org/palettes/fuji-ai/,https://colorcombinations.org/api/palettes/fuji-ai.json,https://colorcombinations.org/embed/fuji-ai/,https://colorcombinations.org/og/fuji-ai.svg
tobi-kogane,Kite Brown & Gold,鳶と黄金,The warm brown of a kite's wing lit by afternoon gold.,brown,warm|earthy|refined,edo,3,#8A5A3B,Tobi,鳶,#D4AF37,Kogane,黄金,#2B2B2B,Sumi,墨,,,,https://colorcombinations.org/palettes/tobi-kogane/,https://colorcombinations.org/api/palettes/tobi-kogane.json,https://colorcombinations.org/embed/tobi-kogane/,https://colorcombinations.org/og/tobi-kogane.svg
ao-shiro,Ao & White,青と白,The classical Japanese 'ao' - an ambiguous blue-green - against pure white.,blue,serene|cool|refined,heian,3,#3A7D7B,Ao,青,#FFFFFF,Shiro,白,#1C1C1C,Sumi,墨,,,,https://colorcombinations.org/palettes/ao-shiro/,https://colorcombinations.org/api/palettes/ao-shiro.json,https://colorcombinations.org/embed/ao-shiro/,https://colorcombinations.org/og/ao-shiro.svg
kikyo-sumi,Bellflower & Ink,桔梗と墨,"The deep violet of the bellflower set against ink - formal, discreet.",purple,solemn|refined|cool,muromachi,3,#5B4B8A,Kikyō,桔梗,#1C1C1C,Sumi,墨,#BCBCBE,Gin,銀,,,,https://colorcombinations.org/palettes/kikyo-sumi/,https://colorcombinations.org/api/palettes/kikyo-sumi.json,https://colorcombinations.org/embed/kikyo-sumi/,https://colorcombinations.org/og/kikyo-sumi.svg
usubeni-cha,Light Pink & Tea,薄紅と茶,A whisper of pink against tea brown - the tone of an Edo-period lacquer sweet box.,pink,warm|playful|refined,edo,3,#E8A4A4,Usubeni,薄紅,#6C4F3B,Cha,茶,#F3EBDA,Kinari,生成,,,,https://colorcombinations.org/palettes/usubeni-cha/,https://colorcombinations.org/api/palettes/usubeni-cha.json,https://colorcombinations.org/embed/usubeni-cha/,https://colorcombinations.org/og/usubeni-cha.svg
kogecha-kinari,Scorched Brown & Unbleached,焦茶と生成,The dark brown of scorched wood against unbleached hemp - quiet materials.,brown,earthy|austere|refined,muromachi,3,#3E2A1E,Kogecha,焦茶,#F3EBDA,Kinari,生成,#8A6A47,Kakishibu,柿渋,,,,https://colorcombinations.org/palettes/kogecha-kinari/,https://colorcombinations.org/api/palettes/kogecha-kinari.json,https://colorcombinations.org/embed/kogecha-kinari/,https://colorcombinations.org/og/kogecha-kinari.svg
sora-shu,Sky Blue & Vermillion,空と朱,Clear sky blue against shrine-gate vermillion - a New Year morning.,blue,bold|cool|playful,edo,3,#7AB2D3,Sora,空,#D8453A,Shu,朱,#F4EEE0,Gofun,胡粉,,,,https://colorcombinations.org/palettes/sora-shu/,https://colorcombinations.org/api/palettes/sora-shu.json,https://colorcombinations.org/embed/sora-shu/,https://colorcombinations.org/og/sora-shu.svg
hanada-gin,Indigo Blue & Silver,縹と銀,Mid-grade indigo with the quiet sheen of silver - an understated Edo merchant robe.,blue,refined|cool|solemn,edo,3,#3C6E8F,Hanada,縹,#BCBCBE,Gin,銀,#F8F4E9,Kinari,生成,,,,https://colorcombinations.org/palettes/hanada-gin/,https://colorcombinations.org/api/palettes/hanada-gin.json,https://colorcombinations.org/embed/hanada-gin/,https://colorcombinations.org/og/hanada-gin.svg
kon-kinari,Deep Indigo & Cream,紺と生成,The darkest indigo against unbleached cream - the color of a Meiji schoolboy's uniform.,blue,refined|cool|austere,meiji,3,#142747,Kon,紺,#F3EBDA,Kinari,生成,#2B2B2B,Sumi,墨,,,,https://colorcombinations.org/palettes/kon-kinari/,https://colorcombinations.org/api/palettes/kon-kinari.json,https://colorcombinations.org/embed/kon-kinari/,https://colorcombinations.org/og/kon-kinari.svg
shu-kuro-kin,"Vermillion, Black, Gold",朱・黒・金,"The ceremonial triad of temple lacquerware - vermillion, lacquer black, gold leaf.",red,bold|solemn,kamakura,3,#C8352B,Shu,朱,#141414,Kuro,黒,#D4AF37,Kin,金,,,,https://colorcombinations.org/palettes/shu-kuro-kin/,https://colorcombinations.org/api/palettes/shu-kuro-kin.json,https://colorcombinations.org/embed/shu-kuro-kin/,https://colorcombinations.org/og/shu-kuro-kin.svg
ominaeshi-asagi,Valerian Yellow & Pale Blue,女郎花と浅葱,The yellow of autumn valerian against late-summer sky.,yellow,serene|cool|playful,heian,3,#DCCB6E,Ominaeshi,女郎花,#88B9C4,Asagi,浅葱,#F8F4E9,Kinari,生成,,,,https://colorcombinations.org/palettes/ominaeshi-asagi/,https://colorcombinations.org/api/palettes/ominaeshi-asagi.json,https://colorcombinations.org/embed/ominaeshi-asagi/,https://colorcombinations.org/og/ominaeshi-asagi.svg
enji-matsuba,Crimson Lake & Pine,臙脂と松葉,The deep lake crimson of cochineal against pine needle green - winter evergreen.,red,bold|solemn|warm,edo,4,#9E2B3D,Enji,臙脂,#3B5133,Matsuba,松葉,#F8F4E9,Kinari,生成,#D4AF37,Kogane,黄金,https://colorcombinations.org/palettes/enji-matsuba/,https://colorcombinations.org/api/palettes/enji-matsuba.json,https://colorcombinations.org/embed/enji-matsuba/,https://colorcombinations.org/og/enji-matsuba.svg
edo-murasaki-nezumi,Edo Purple & Mouse Grey,江戸紫と鼠,The cool Edo purple worn by kabuki actors against mouse grey - theatrical understatement.,purple,refined|cool|bold,edo,4,#5E4A8C,Edo-murasaki,江戸紫,#8A8A8A,Nezumi,鼠,#1C1C1C,Sumi,墨,#F8F4E9,Kinari,生成,https://colorcombinations.org/palettes/edo-murasaki-nezumi/,https://colorcombinations.org/api/palettes/edo-murasaki-nezumi.json,https://colorcombinations.org/embed/edo-murasaki-nezumi/,https://colorcombinations.org/og/edo-murasaki-nezumi.svg
ukon-ai,Turmeric & Indigo,鬱金と藍,Warm turmeric yellow against true indigo - the everyday textile of Japanese farm life.,yellow,earthy|warm|playful,edo,3,#E0B740,Ukon,鬱金,#1C3D5A,Ai,藍,#F3EBDA,Kinari,生成,,,,https://colorcombinations.org/palettes/ukon-ai/,https://colorcombinations.org/api/palettes/ukon-ai.json,https://colorcombinations.org/embed/ukon-ai/,https://colorcombinations.org/og/ukon-ai.svg
wada-001-english-red-cerulian-blue,English Red & Cerulian Blue,,"Plate 1 from Sanzo Wada's 1933 Dictionary of Color Combinations - English Red, Cerulian Blue.",orange,refined|warm|austere,showa,2,#d96629,English Red,,#0093a5,Cerulian Blue,,,,,,,,https://colorcombinations.org/palettes/wada-001-english-red-cerulian-blue/,https://colorcombinations.org/api/palettes/wada-001-english-red-cerulian-blue.json,https://colorcombinations.org/embed/wada-001-english-red-cerulian-blue/,https://colorcombinations.org/og/wada-001-english-red-cerulian-blue.svg
wada-002-yellow-orange-dark-tyrian-blue,Yellow Orange & Dark Tyrian Blue,,"Plate 2 from Sanzo Wada's 1933 Dictionary of Color Combinations - Yellow Orange, Dark Tyrian Blue.",yellow,refined|cool|austere,showa,2,#f99d1b,Yellow Orange,,#12354e,Dark Tyrian Blue,,,,,,,,https://colorcombinations.org/palettes/wada-002-yellow-orange-dark-tyrian-blue/,https://colorcombinations.org/api/palettes/wada-002-yellow-orange-dark-tyrian-blue.json,https://colorcombinations.org/embed/wada-002-yellow-orange-dark-tyrian-blue/,https://colorcombinations.org/og/wada-002-yellow-orange-dark-tyrian-blue.svg
wada-003-raw-sienna-pale-lemon-yellow,Raw Sienna & Pale Lemon Yellow,,"Plate 3 from Sanzo Wada's 1933 Dictionary of Color Combinations - Raw Sienna, Pale Lemon Yellow.",orange,refined|warm|austere,showa,2,#bb7125,Raw Sienna,,#ffefae,Pale Lemon Yellow,,,,,,,,https://colorcombinations.org/palettes/wada-003-raw-sienna-pale-lemon-yellow/,https://colorcombinations.org/api/palettes/wada-003-raw-sienna-pale-lemon-yellow.json,https://colorcombinations.org/embed/wada-003-raw-sienna-pale-lemon-yellow/,https://colorcombinations.org/og/wada-003-raw-sienna-pale-lemon-yellow.svg
wada-004-isabella-color-red-violet,Isabella Color & Red Violet,,"Plate 4 from Sanzo Wada's 1933 Dictionary of Color Combinations - Isabella Color, Red Violet.",yellow,refined|austere,showa,2,#c5a56e,Isabella Color,,#59256a,Red Violet,,,,,,,,https://colorcombinations.org/palettes/wada-004-isabella-color-red-violet/,https://colorcombinations.org/api/palettes/wada-004-isabella-color-red-violet.json,https://colorcombinations.org/embed/wada-004-isabella-color-red-violet/,https://colorcombinations.org/og/wada-004-isabella-color-red-violet.svg
wada-005-cossack-green-vandar-poel-s-blue,Cossack Green & Vandar Poel's Blue,,"Plate 5 from Sanzo Wada's 1933 Dictionary of Color Combinations - Cossack Green, Vandar Poel's Blue.",green,solemn|cool|austere,showa,2,#437742,Cossack Green,,#064f6e,Vandar Poel's Blue,,,,,,,,https://colorcombinations.org/palettes/wada-005-cossack-green-vandar-poel-s-blue/,https://colorcombinations.org/api/palettes/wada-005-cossack-green-vandar-poel-s-blue.json,https://colorcombinations.org/embed/wada-005-cossack-green-vandar-poel-s-blue/,https://colorcombinations.org/og/wada-005-cossack-green-vandar-poel-s-blue.svg
wada-006-grenadine-pink-deep-indigo,Grenadine Pink & Deep Indigo,,"Plate 6 from Sanzo Wada's 1933 Dictionary of Color Combinations - Grenadine Pink, Deep Indigo.",red,refined|warm|austere,showa,2,#f48067,Grenadine Pink,,#051230,Deep Indigo,,,,,,,,https://colorcombinations.org/palettes/wada-006-grenadine-pink-deep-indigo/,https://colorcombinations.org/api/palettes/wada-006-grenadine-pink-deep-indigo.json,https://colorcombinations.org/embed/wada-006-grenadine-pink-deep-indigo/,https://colorcombinations.org/og/wada-006-grenadine-pink-deep-indigo.svg
wada-007-orange-glaucous-green,Orange & Glaucous Green,,"Plate 7 from Sanzo Wada's 1933 Dictionary of Color Combinations - Orange, Glaucous Green.",orange,refined|warm|austere,showa,2,#f37420,Orange,,#b4cdc2,Glaucous Green,,,,,,,,https://colorcombinations.org/palettes/wada-007-orange-glaucous-green/,https://colorcombinations.org/api/palettes/wada-007-orange-glaucous-green.json,https://colorcombinations.org/embed/wada-007-orange-glaucous-green/,https://colorcombinations.org/og/wada-007-orange-glaucous-green.svg
wada-008-cinnamon-rufous-grayish-lavender-a,Cinnamon Rufous & Grayish Lavender - A,,"Plate 8 from Sanzo Wada's 1933 Dictionary of Color Combinations - Cinnamon Rufous, Grayish Lavender - A.",orange,refined|warm|austere,showa,2,#c27544,Cinnamon Rufous,,#b5b1d8,Grayish Lavender - A,,,,,,,,https://colorcombinations.org/palettes/wada-008-cinnamon-rufous-grayish-lavender-a/,https://colorcombinations.org/api/palettes/wada-008-cinnamon-rufous-grayish-lavender-a.json,https://colorcombinations.org/embed/wada-008-cinnamon-rufous-grayish-lavender-a/,https://colorcombinations.org/og/wada-008-cinnamon-rufous-grayish-lavender-a.svg
wada-009-violet-red-dull-blue-violet,Violet Red & Dull Blue Violet,,"Plate 9 from Sanzo Wada's 1933 Dictionary of Color Combinations - Violet Red, Dull Blue Violet.",pink,refined|austere,showa,2,#642d5e,Violet Red,,#80719e,Dull Blue Violet,,,,,,,,https://colorcombinations.org/palettes/wada-009-violet-red-dull-blue-violet/,https://colorcombinations.org/api/palettes/wada-009-violet-red-dull-blue-violet.json,https://colorcombinations.org/embed/wada-009-violet-red-dull-blue-violet/,https://colorcombinations.org/og/wada-009-violet-red-dull-blue-violet.svg
wada-010-cinnamon-rufous-dark-citrine,Cinnamon Rufous & Dark Citrine,,"Plate 10 from Sanzo Wada's 1933 Dictionary of Color Combinations - Cinnamon Rufous, Dark Citrine.",orange,refined|warm|austere,showa,2,#c27544,Cinnamon Rufous,,#8b835b,Dark Citrine,,,,,,,,https://colorcombinations.org/palettes/wada-010-cinnamon-rufous-dark-citrine/,https://colorcombinations.org/api/palettes/wada-010-cinnamon-rufous-dark-citrine.json,https://colorcombinations.org/embed/wada-010-cinnamon-rufous-dark-citrine/,https://colorcombinations.org/og/wada-010-cinnamon-rufous-dark-citrine.svg
wada-011-ivory-buff-mineral-gray,Ivory Buff & Mineral Gray,,"Plate 11 from Sanzo Wada's 1933 Dictionary of Color Combinations - Ivory Buff, Mineral Gray.",yellow,serene|austere,showa,2,#ebd3a2,Ivory Buff,,#a2b0ad,Mineral Gray,,,,,,,,https://colorcombinations.org/palettes/wada-011-ivory-buff-mineral-gray/,https://colorcombinations.org/api/palettes/wada-011-ivory-buff-mineral-gray.json,https://colorcombinations.org/embed/wada-011-ivory-buff-mineral-gray/,https://colorcombinations.org/og/wada-011-ivory-buff-mineral-gray.svg
wada-012-isabella-color-green-blue,Isabella Color & Green Blue,,"Plate 12 from Sanzo Wada's 1933 Dictionary of Color Combinations - Isabella Color, Green Blue.",yellow,refined|cool|austere,showa,2,#c5a56e,Isabella Color,,#099197,Green Blue,,,,,,,,https://colorcombinations.org/palettes/wada-012-isabella-color-green-blue/,https://colorcombinations.org/api/palettes/wada-012-isabella-color-green-blue.json,https://colorcombinations.org/embed/wada-012-isabella-color-green-blue/,https://colorcombinations.org/og/wada-012-isabella-color-green-blue.svg
wada-013-raw-sienna-veronia-purple,Raw Sienna & Veronia Purple,,"Plate 13 from Sanzo Wada's 1933 Dictionary of Color Combinations - Raw Sienna, Veronia Purple.",orange,refined|warm|austere,showa,2,#bb7125,Raw Sienna,,#8c4c62,Veronia Purple,,,,,,,,https://colorcombinations.org/palettes/wada-013-raw-sienna-veronia-purple/,https://colorcombinations.org/api/palettes/wada-013-raw-sienna-veronia-purple.json,https://colorcombinations.org/embed/wada-013-raw-sienna-veronia-purple/,https://colorcombinations.org/og/wada-013-raw-sienna-veronia-purple.svg
wada-014-spinel-red-naples-yellow,Spinel Red & Naples Yellow,,"Plate 14 from Sanzo Wada's 1933 Dictionary of Color Combinations - Spinel Red, Naples Yellow.",red,serene|warm|austere,showa,2,#f27291,Spinel Red,,#fbe6a0,Naples Yellow,,,,,,,,https://colorcombinations.org/palettes/wada-014-spinel-red-naples-yellow/,https://colorcombinations.org/api/palettes/wada-014-spinel-red-naples-yellow.json,https://colorcombinations.org/embed/wada-014-spinel-red-naples-yellow/,https://colorcombinations.org/og/wada-014-spinel-red-naples-yellow.svg
wada-015-benzol-green-grayish-lavender-a,Benzol Green & Grayish Lavender - A,,"Plate 15 from Sanzo Wada's 1933 Dictionary of Color Combinations - Benzol Green, Grayish Lavender - A.",blue,refined|cool|austere,showa,2,#00978d,Benzol Green,,#b5b1d8,Grayish Lavender - A,,,,,,,,https://colorcombinations.org/palettes/wada-015-benzol-green-grayish-lavender-a/,https://colorcombinations.org/api/palettes/wada-015-benzol-green-grayish-lavender-a.json,https://colorcombinations.org/embed/wada-015-benzol-green-grayish-lavender-a/,https://colorcombinations.org/og/wada-015-benzol-green-grayish-lavender-a.svg
wada-016-vandyke-red-pale-king-s-blue,Vandyke Red & Pale King's Blue,,"Plate 16 from Sanzo Wada's 1933 Dictionary of Color Combinations - Vandyke Red, Pale King's Blue.",red,refined|warm|austere,showa,2,#82241f,Vandyke Red,,#a7d4e4,Pale King's Blue,,,,,,,,https://colorcombinations.org/palettes/wada-016-vandyke-red-pale-king-s-blue/,https://colorcombinations.org/api/palettes/wada-016-vandyke-red-pale-king-s-blue.json,https://colorcombinations.org/embed/wada-016-vandyke-red-pale-king-s-blue/,https://colorcombinations.org/og/wada-016-vandyke-red-pale-king-s-blue.svg
wada-017-eugenia-red-b-sea-green,Eugenia Red | B & Sea Green,,"Plate 17 from Sanzo Wada's 1933 Dictionary of Color Combinations - Eugenia Red | B, Sea Green.",red,refined|warm|austere,showa,2,#da525d,Eugenia Red | B,,#00b49b,Sea Green,,,,,,,,https://colorcombinations.org/palettes/wada-017-eugenia-red-b-sea-green/,https://colorcombinations.org/api/palettes/wada-017-eugenia-red-b-sea-green.json,https://colorcombinations.org/embed/wada-017-eugenia-red-b-sea-green/,https://colorcombinations.org/og/wada-017-eugenia-red-b-sea-green.svg
wada-018-fawn-dusky-madder-violet,Fawn & Dusky Madder Violet,,"Plate 18 from Sanzo Wada's 1933 Dictionary of Color Combinations - Fawn, Dusky Madder Violet.",red,refined|warm|austere,showa,2,#d1b0a7,Fawn,,#4e1d4c,Dusky Madder Violet,,,,,,,,https://colorcombinations.org/palettes/wada-018-fawn-dusky-madder-violet/,https://colorcombinations.org/api/palettes/wada-018-fawn-dusky-madder-violet.json,https://colorcombinations.org/embed/wada-018-fawn-dusky-madder-violet/,https://colorcombinations.org/og/wada-018-fawn-dusky-madder-violet.svg
wada-019-mars-brown-tobacco-night-green,Mars Brown Tobacco & Night Green,,"Plate 19 from Sanzo Wada's 1933 Dictionary of Color Combinations - Mars Brown Tobacco, Night Green.",orange,refined|warm|austere,showa,2,#653514,Mars Brown Tobacco,,#87c540,Night Green,,,,,,,,https://colorcombinations.org/palettes/wada-019-mars-brown-tobacco-night-green/,https://colorcombinations.org/api/palettes/wada-019-mars-brown-tobacco-night-green.json,https://colorcombinations.org/embed/wada-019-mars-brown-tobacco-night-green/,https://colorcombinations.org/og/wada-019-mars-brown-tobacco-night-green.svg
wada-020-calamine-blue-laelia-pink,Calamine BLue & Laelia Pink,,"Plate 20 from Sanzo Wada's 1933 Dictionary of Color Combinations - Calamine BLue, Laelia Pink.",blue,refined|warm|austere,showa,2,#78cdd0,Calamine BLue,,#ca92a8,Laelia Pink,,,,,,,,https://colorcombinations.org/palettes/wada-020-calamine-blue-laelia-pink/,https://colorcombinations.org/api/palettes/wada-020-calamine-blue-laelia-pink.json,https://colorcombinations.org/embed/wada-020-calamine-blue-laelia-pink/,https://colorcombinations.org/og/wada-020-calamine-blue-laelia-pink.svg
wada-021-grenadine-pink-sea-green,Grenadine Pink & Sea Green,,"Plate 21 from Sanzo Wada's 1933 Dictionary of Color Combinations - Grenadine Pink, Sea Green.",red,refined|warm|austere,showa,2,#f48067,Grenadine Pink,,#00b49b,Sea Green,,,,,,,,https://colorcombinations.org/palettes/wada-021-grenadine-pink-sea-green/,https://colorcombinations.org/api/palettes/wada-021-grenadine-pink-sea-green.json,https://colorcombinations.org/embed/wada-021-grenadine-pink-sea-green/,https://colorcombinations.org/og/wada-021-grenadine-pink-sea-green.svg
wada-022-yellow-deep-lyons-blue,Yellow & Deep Lyons Blue,,"Plate 22 from Sanzo Wada's 1933 Dictionary of Color Combinations - Yellow, Deep Lyons Blue.",yellow,refined|cool|austere,showa,2,#fff200,Yellow,,#1c4286,Deep Lyons Blue,,,,,,,,https://colorcombinations.org/palettes/wada-022-yellow-deep-lyons-blue/,https://colorcombinations.org/api/palettes/wada-022-yellow-deep-lyons-blue.json,https://colorcombinations.org/embed/wada-022-yellow-deep-lyons-blue/,https://colorcombinations.org/og/wada-022-yellow-deep-lyons-blue.svg
wada-023-cinnamon-buff-light-mauve,Cinnamon Buff & Light Mauve,,"Plate 23 from Sanzo Wada's 1933 Dictionary of Color Combinations - Cinnamon Buff, Light Mauve.",orange,refined|warm|austere,showa,2,#fdc57e,Cinnamon Buff,,#9a72aa,Light Mauve,,,,,,,,https://colorcombinations.org/palettes/wada-023-cinnamon-buff-light-mauve/,https://colorcombinations.org/api/palettes/wada-023-cinnamon-buff-light-mauve.json,https://colorcombinations.org/embed/wada-023-cinnamon-buff-light-mauve/,https://colorcombinations.org/og/wada-023-cinnamon-buff-light-mauve.svg
wada-024-sepia-veronia-purple,Sepia & Veronia Purple,,"Plate 24 from Sanzo Wada's 1933 Dictionary of Color Combinations - Sepia, Veronia Purple.",yellow,solemn|warm|austere,showa,2,#644b1e,Sepia,,#8c4c62,Veronia Purple,,,,,,,,https://colorcombinations.org/palettes/wada-024-sepia-veronia-purple/,https://colorcombinations.org/api/palettes/wada-024-sepia-veronia-purple.json,https://colorcombinations.org/embed/wada-024-sepia-veronia-purple/,https://colorcombinations.org/og/wada-024-sepia-veronia-purple.svg
wada-025-etruscan-red-nile-blue,Etruscan Red & Nile Blue,,"Plate 25 from Sanzo Wada's 1933 Dictionary of Color Combinations - Etruscan Red, Nile Blue.",red,refined|warm|austere,showa,2,#c55347,Etruscan Red,,#bce4e5,Nile Blue,,,,,,,,https://colorcombinations.org/palettes/wada-025-etruscan-red-nile-blue/,https://colorcombinations.org/api/palettes/wada-025-etruscan-red-nile-blue.json,https://colorcombinations.org/embed/wada-025-etruscan-red-nile-blue/,https://colorcombinations.org/og/wada-025-etruscan-red-nile-blue.svg
wada-026-golden-yellow-pale-raw-umber,Golden Yellow & Pale Raw Umber,,"Plate 26 from Sanzo Wada's 1933 Dictionary of Color Combinations - Golden Yellow, Pale Raw Umber.",orange,refined|warm|austere,showa,2,#f3a257,Golden Yellow,,#71502f,Pale Raw Umber,,,,,,,,https://colorcombinations.org/palettes/wada-026-golden-yellow-pale-raw-umber/,https://colorcombinations.org/api/palettes/wada-026-golden-yellow-pale-raw-umber.json,https://colorcombinations.org/embed/wada-026-golden-yellow-pale-raw-umber/,https://colorcombinations.org/og/wada-026-golden-yellow-pale-raw-umber.svg
wada-027-corinthian-pink-slate-color,Corinthian Pink & Slate Color,,"Plate 27 from Sanzo Wada's 1933 Dictionary of Color Combinations - Corinthian Pink, Slate Color.",red,refined|warm|austere,showa,2,#f8b6ba,Corinthian Pink,,#34454c,Slate Color,,,,,,,,https://colorcombinations.org/palettes/wada-027-corinthian-pink-slate-color/,https://colorcombinations.org/api/palettes/wada-027-corinthian-pink-slate-color.json,https://colorcombinations.org/embed/wada-027-corinthian-pink-slate-color/,https://colorcombinations.org/og/wada-027-corinthian-pink-slate-color.svg
wada-028-madder-brown-deep-indigo,Madder Brown & Deep Indigo,,"Plate 28 from Sanzo Wada's 1933 Dictionary of Color Combinations - Madder Brown, Deep Indigo.",red,solemn|warm|austere,showa,2,#762c19,Madder Brown,,#051230,Deep Indigo,,,,,,,,https://colorcombinations.org/palettes/wada-028-madder-brown-deep-indigo/,https://colorcombinations.org/api/palettes/wada-028-madder-brown-deep-indigo.json,https://colorcombinations.org/embed/wada-028-madder-brown-deep-indigo/,https://colorcombinations.org/og/wada-028-madder-brown-deep-indigo.svg
wada-029-krongbergs-green-salvia-blue,Krongbergs Green & Salvia Blue,,"Plate 29 from Sanzo Wada's 1933 Dictionary of Color Combinations - Krongbergs Green, Salvia Blue.",yellow,refined|cool|austere,showa,2,#84875e,Krongbergs Green,,#97acc8,Salvia Blue,,,,,,,,https://colorcombinations.org/palettes/wada-029-krongbergs-green-salvia-blue/,https://colorcombinations.org/api/palettes/wada-029-krongbergs-green-salvia-blue.json,https://colorcombinations.org/embed/wada-029-krongbergs-green-salvia-blue/,https://colorcombinations.org/og/wada-029-krongbergs-green-salvia-blue.svg
wada-030-pompeian-red-mineral-gray,Pompeian Red & Mineral Gray,,"Plate 30 from Sanzo Wada's 1933 Dictionary of Color Combinations - Pompeian Red, Mineral Gray.",red,refined|warm|austere,showa,2,#ab2439,Pompeian Red,,#a2b0ad,Mineral Gray,,,,,,,,https://colorcombinations.org/palettes/wada-030-pompeian-red-mineral-gray/,https://colorcombinations.org/api/palettes/wada-030-pompeian-red-mineral-gray.json,https://colorcombinations.org/embed/wada-030-pompeian-red-mineral-gray/,https://colorcombinations.org/og/wada-030-pompeian-red-mineral-gray.svg
wada-031-red-orange-pale-lemon-yellow,Red Orange & Pale Lemon Yellow,,"Plate 31 from Sanzo Wada's 1933 Dictionary of Color Combinations - Red Orange, Pale Lemon Yellow.",red,refined|warm|austere,showa,2,#dd4027,Red Orange,,#ffefae,Pale Lemon Yellow,,,,,,,,https://colorcombinations.org/palettes/wada-031-red-orange-pale-lemon-yellow/,https://colorcombinations.org/api/palettes/wada-031-red-orange-pale-lemon-yellow.json,https://colorcombinations.org/embed/wada-031-red-orange-pale-lemon-yellow/,https://colorcombinations.org/og/wada-031-red-orange-pale-lemon-yellow.svg
wada-032-ochraceous-salmon-night-green,Ochraceous Salmon & Night Green,,"Plate 32 from Sanzo Wada's 1933 Dictionary of Color Combinations - Ochraceous Salmon, Night Green.",orange,refined|warm|austere,showa,2,#d8a37b,Ochraceous Salmon,,#87c540,Night Green,,,,,,,,https://colorcombinations.org/palettes/wada-032-ochraceous-salmon-night-green/,https://colorcombinations.org/api/palettes/wada-032-ochraceous-salmon-night-green.json,https://colorcombinations.org/embed/wada-032-ochraceous-salmon-night-green/,https://colorcombinations.org/og/wada-032-ochraceous-salmon-night-green.svg
wada-033-raw-sienna-slate-color,Raw Sienna & Slate Color,,"Plate 33 from Sanzo Wada's 1933 Dictionary of Color Combinations - Raw Sienna, Slate Color.",orange,solemn|warm|austere,showa,2,#bb7125,Raw Sienna,,#34454c,Slate Color,,,,,,,,https://colorcombinations.org/palettes/wada-033-raw-sienna-slate-color/,https://colorcombinations.org/api/palettes/wada-033-raw-sienna-slate-color.json,https://colorcombinations.org/embed/wada-033-raw-sienna-slate-color/,https://colorcombinations.org/og/wada-033-raw-sienna-slate-color.svg
wada-034-eosine-pink-neutral-gray,Eosine Pink & Neutral Gray,,"Plate 34 from Sanzo Wada's 1933 Dictionary of Color Combinations - Eosine Pink, Neutral Gray.",red,serene|warm|austere,showa,2,#f37f94,Eosine Pink,,#b6bfc1,Neutral Gray,,,,,,,,https://colorcombinations.org/palettes/wada-034-eosine-pink-neutral-gray/,https://colorcombinations.org/api/palettes/wada-034-eosine-pink-neutral-gray.json,https://colorcombinations.org/embed/wada-034-eosine-pink-neutral-gray/,https://colorcombinations.org/og/wada-034-eosine-pink-neutral-gray.svg
wada-035-light-brown-drab-carmine-red,Light Brown Drab & Carmine Red,,"Plate 35 from Sanzo Wada's 1933 Dictionary of Color Combinations - Light Brown Drab, Carmine Red.",red,refined|warm|austere,showa,2,#b59392,Light Brown Drab,,#a62c37,Carmine Red,,,,,,,,https://colorcombinations.org/palettes/wada-035-light-brown-drab-carmine-red/,https://colorcombinations.org/api/palettes/wada-035-light-brown-drab-carmine-red.json,https://colorcombinations.org/embed/wada-035-light-brown-drab-carmine-red/,https://colorcombinations.org/og/wada-035-light-brown-drab-carmine-red.svg
wada-036-sulphine-yellow-turquoise-green,Sulphine Yellow & Turquoise Green,,"Plate 36 from Sanzo Wada's 1933 Dictionary of Color Combinations - Sulphine Yellow, Turquoise Green.",yellow,refined|cool|austere,showa,2,#c19f2c,Sulphine Yellow,,#b5decc,Turquoise Green,,,,,,,,https://colorcombinations.org/palettes/wada-036-sulphine-yellow-turquoise-green/,https://colorcombinations.org/api/palettes/wada-036-sulphine-yellow-turquoise-green.json,https://colorcombinations.org/embed/wada-036-sulphine-yellow-turquoise-green/,https://colorcombinations.org/og/wada-036-sulphine-yellow-turquoise-green.svg
wada-037-brick-red-red-violet,Brick Red & Red Violet,,"Plate 37 from Sanzo Wada's 1933 Dictionary of Color Combinations - Brick Red, Red Violet.",red,solemn|warm|austere,showa,2,#a84222,Brick Red,,#59256a,Red Violet,,,,,,,,https://colorcombinations.org/palettes/wada-037-brick-red-red-violet/,https://colorcombinations.org/api/palettes/wada-037-brick-red-red-violet.json,https://colorcombinations.org/embed/wada-037-brick-red-red-violet/,https://colorcombinations.org/og/wada-037-brick-red-red-violet.svg
wada-038-diamine-green-deep-lyons-blue,Diamine Green & Deep Lyons Blue,,"Plate 38 from Sanzo Wada's 1933 Dictionary of Color Combinations - Diamine Green, Deep Lyons Blue.",green,solemn|cool|austere,showa,2,#1a7444,Diamine Green,,#1c4286,Deep Lyons Blue,,,,,,,,https://colorcombinations.org/palettes/wada-038-diamine-green-deep-lyons-blue/,https://colorcombinations.org/api/palettes/wada-038-diamine-green-deep-lyons-blue.json,https://colorcombinations.org/embed/wada-038-diamine-green-deep-lyons-blue/,https://colorcombinations.org/og/wada-038-diamine-green-deep-lyons-blue.svg
wada-039-carmine-helvetia-blue,Carmine & Helvetia Blue,,"Plate 39 from Sanzo Wada's 1933 Dictionary of Color Combinations - Carmine, Helvetia Blue.",red,refined|warm|austere,showa,2,#cc1236,Carmine,,#005b8d,Helvetia Blue,,,,,,,,https://colorcombinations.org/palettes/wada-039-carmine-helvetia-blue/,https://colorcombinations.org/api/palettes/wada-039-carmine-helvetia-blue.json,https://colorcombinations.org/embed/wada-039-carmine-helvetia-blue/,https://colorcombinations.org/og/wada-039-carmine-helvetia-blue.svg
wada-040-vinaceous-tawny-citron-yellow,Vinaceous Tawny & Citron Yellow,,"Plate 40 from Sanzo Wada's 1933 Dictionary of Color Combinations - Vinaceous Tawny, Citron Yellow.",orange,refined|warm|austere,showa,2,#c56127,Vinaceous Tawny,,#b2b73e,Citron Yellow,,,,,,,,https://colorcombinations.org/palettes/wada-040-vinaceous-tawny-citron-yellow/,https://colorcombinations.org/api/palettes/wada-040-vinaceous-tawny-citron-yellow.json,https://colorcombinations.org/embed/wada-040-vinaceous-tawny-citron-yellow/,https://colorcombinations.org/og/wada-040-vinaceous-tawny-citron-yellow.svg
wada-041-dark-citrine-calamine-blue,Dark Citrine & Calamine BLue,,"Plate 41 from Sanzo Wada's 1933 Dictionary of Color Combinations - Dark Citrine, Calamine BLue.",yellow,refined|cool|austere,showa,2,#8b835b,Dark Citrine,,#78cdd0,Calamine BLue,,,,,,,,https://colorcombinations.org/palettes/wada-041-dark-citrine-calamine-blue/,https://colorcombinations.org/api/palettes/wada-041-dark-citrine-calamine-blue.json,https://colorcombinations.org/embed/wada-041-dark-citrine-calamine-blue/,https://colorcombinations.org/og/wada-041-dark-citrine-calamine-blue.svg
wada-042-yellow-ocher-violet,Yellow Ocher & Violet,,"Plate 42 from Sanzo Wada's 1933 Dictionary of Color Combinations - Yellow Ocher, Violet.",yellow,refined|austere,showa,2,#e2b540,Yellow Ocher,,#4f4086,Violet,,,,,,,,https://colorcombinations.org/palettes/wada-042-yellow-ocher-violet/,https://colorcombinations.org/api/palettes/wada-042-yellow-ocher-violet.json,https://colorcombinations.org/embed/wada-042-yellow-ocher-violet/,https://colorcombinations.org/og/wada-042-yellow-ocher-violet.svg
wada-043-corinthian-pink-aconite-violet,Corinthian Pink & Aconite Violet,,"Plate 43 from Sanzo Wada's 1933 Dictionary of Color Combinations - Corinthian Pink, Aconite Violet.",red,refined|warm|austere,showa,2,#f8b6ba,Corinthian Pink,,#a36aa5,Aconite Violet,,,,,,,,https://colorcombinations.org/palettes/wada-043-corinthian-pink-aconite-violet/,https://colorcombinations.org/api/palettes/wada-043-corinthian-pink-aconite-violet.json,https://colorcombinations.org/embed/wada-043-corinthian-pink-aconite-violet/,https://colorcombinations.org/og/wada-043-corinthian-pink-aconite-violet.svg
wada-044-light-porcelain-green-olympic-blue,Light Porcelain Green & Olympic Blue,,"Plate 44 from Sanzo Wada's 1933 Dictionary of Color Combinations - Light Porcelain Green, Olympic Blue.",blue,refined|cool|austere,showa,2,#00908a,Light Porcelain Green,,#5a82b3,Olympic Blue,,,,,,,,https://colorcombinations.org/palettes/wada-044-light-porcelain-green-olympic-blue/,https://colorcombinations.org/api/palettes/wada-044-light-porcelain-green-olympic-blue.json,https://colorcombinations.org/embed/wada-044-light-porcelain-green-olympic-blue/,https://colorcombinations.org/og/wada-044-light-porcelain-green-olympic-blue.svg
wada-045-seashell-pink-lemon-yellow,Seashell Pink & Lemon Yellow,,"Plate 45 from Sanzo Wada's 1933 Dictionary of Color Combinations - Seashell Pink, Lemon Yellow.",orange,serene|warm|austere,showa,2,#fdd4bd,Seashell Pink,,#f8ed43,Lemon Yellow,,,,,,,,https://colorcombinations.org/palettes/wada-045-seashell-pink-lemon-yellow/,https://colorcombinations.org/api/palettes/wada-045-seashell-pink-lemon-yellow.json,https://colorcombinations.org/embed/wada-045-seashell-pink-lemon-yellow/,https://colorcombinations.org/og/wada-045-seashell-pink-lemon-yellow.svg
wada-046-orange-black,Orange & Black,,"Plate 46 from Sanzo Wada's 1933 Dictionary of Color Combinations - Orange, Black.",orange,solemn|warm|austere,showa,2,#f37420,Orange,,#111314,Black,,,,,,,,https://colorcombinations.org/palettes/wada-046-orange-black/,https://colorcombinations.org/api/palettes/wada-046-orange-black.json,https://colorcombinations.org/embed/wada-046-orange-black/,https://colorcombinations.org/og/wada-046-orange-black.svg
wada-047-etruscan-red-grayish-lavender-b,Etruscan Red & Grayish Lavender - B,,"Plate 47 from Sanzo Wada's 1933 Dictionary of Color Combinations - Etruscan Red, Grayish Lavender - B.",red,refined|warm|austere,showa,2,#c55347,Etruscan Red,,#c0a9b3,Grayish Lavender - B,,,,,,,,https://colorcombinations.org/palettes/wada-047-etruscan-red-grayish-lavender-b/,https://colorcombinations.org/api/palettes/wada-047-etruscan-red-grayish-lavender-b.json,https://colorcombinations.org/embed/wada-047-etruscan-red-grayish-lavender-b/,https://colorcombinations.org/og/wada-047-etruscan-red-grayish-lavender-b.svg
wada-048-rosolanc-purple-helvetia-blue,Rosolanc Purple & Helvetia Blue,,"Plate 48 from Sanzo Wada's 1933 Dictionary of Color Combinations - Rosolanc Purple, Helvetia Blue.",pink,refined|cool|austere,showa,2,#b73f74,Rosolanc Purple,,#005b8d,Helvetia Blue,,,,,,,,https://colorcombinations.org/palettes/wada-048-rosolanc-purple-helvetia-blue/,https://colorcombinations.org/api/palettes/wada-048-rosolanc-purple-helvetia-blue.json,https://colorcombinations.org/embed/wada-048-rosolanc-purple-helvetia-blue/,https://colorcombinations.org/og/wada-048-rosolanc-purple-helvetia-blue.svg
wada-049-pale-king-s-blue-blue,Pale King's Blue & Blue,,"Plate 49 from Sanzo Wada's 1933 Dictionary of Color Combinations - Pale King's Blue, Blue.",blue,refined|cool|austere,showa,2,#a7d4e4,Pale King's Blue,,#006eb8,Blue,,,,,,,,https://colorcombinations.org/palettes/wada-049-pale-king-s-blue-blue/,https://colorcombinations.org/api/palettes/wada-049-pale-king-s-blue-blue.json,https://colorcombinations.org/embed/wada-049-pale-king-s-blue-blue/,https://colorcombinations.org/og/wada-049-pale-king-s-blue-blue.svg
wada-050-ivory-buff-dusky-madder-violet,Ivory Buff & Dusky Madder Violet,,"Plate 50 from Sanzo Wada's 1933 Dictionary of Color Combinations - Ivory Buff, Dusky Madder Violet.",yellow,refined|austere,showa,2,#ebd3a2,Ivory Buff,,#4e1d4c,Dusky Madder Violet,,,,,,,,https://colorcombinations.org/palettes/wada-050-ivory-buff-dusky-madder-violet/,https://colorcombinations.org/api/palettes/wada-050-ivory-buff-dusky-madder-violet.json,https://colorcombinations.org/embed/wada-050-ivory-buff-dusky-madder-violet/,https://colorcombinations.org/og/wada-050-ivory-buff-dusky-madder-violet.svg
wada-051-carmine-red-blue,Carmine Red & Blue,,"Plate 51 from Sanzo Wada's 1933 Dictionary of Color Combinations - Carmine Red, Blue.",red,refined|warm|austere,showa,2,#a62c37,Carmine Red,,#006eb8,Blue,,,,,,,,https://colorcombinations.org/palettes/wada-051-carmine-red-blue/,https://colorcombinations.org/api/palettes/wada-051-carmine-red-blue.json,https://colorcombinations.org/embed/wada-051-carmine-red-blue/,https://colorcombinations.org/og/wada-051-carmine-red-blue.svg
wada-052-sulpher-yellow-black,Sulpher Yellow & Black,,"Plate 52 from Sanzo Wada's 1933 Dictionary of Color Combinations - Sulpher Yellow, Black.",yellow,refined|austere,showa,2,#f5ecc2,Sulpher Yellow,,#111314,Black,,,,,,,,https://colorcombinations.org/palettes/wada-052-sulpher-yellow-black/,https://colorcombinations.org/api/palettes/wada-052-sulpher-yellow-black.json,https://colorcombinations.org/embed/wada-052-sulpher-yellow-black/,https://colorcombinations.org/og/wada-052-sulpher-yellow-black.svg
wada-053-yellow-orange-dusky-madder-violet,Yellow Orange & Dusky Madder Violet,,"Plate 53 from Sanzo Wada's 1933 Dictionary of Color Combinations - Yellow Orange, Dusky Madder Violet.",yellow,refined|austere,showa,2,#f99d1b,Yellow Orange,,#4e1d4c,Dusky Madder Violet,,,,,,,,https://colorcombinations.org/palettes/wada-053-yellow-orange-dusky-madder-violet/,https://colorcombinations.org/api/palettes/wada-053-yellow-orange-dusky-madder-violet.json,https://colorcombinations.org/embed/wada-053-yellow-orange-dusky-madder-violet/,https://colorcombinations.org/og/wada-053-yellow-orange-dusky-madder-violet.svg
wada-054-benzol-green-light-glaucous-blue,Benzol Green & Light Glaucous Blue,,"Plate 54 from Sanzo Wada's 1933 Dictionary of Color Combinations - Benzol Green, Light Glaucous Blue.",blue,refined|cool|austere,showa,2,#00978d,Benzol Green,,#a5c8d1,Light Glaucous Blue,,,,,,,,https://colorcombinations.org/palettes/wada-054-benzol-green-light-glaucous-blue/,https://colorcombinations.org/api/palettes/wada-054-benzol-green-light-glaucous-blue.json,https://colorcombinations.org/embed/wada-054-benzol-green-light-glaucous-blue/,https://colorcombinations.org/og/wada-054-benzol-green-light-glaucous-blue.svg
wada-055-old-rose-white,Old Rose & White,,"Plate 55 from Sanzo Wada's 1933 Dictionary of Color Combinations - Old Rose, White.",red,serene|warm|austere,showa,2,#d46d7a,Old Rose,,#ffffff,White,,,,,,,,https://colorcombinations.org/palettes/wada-055-old-rose-white/,https://colorcombinations.org/api/palettes/wada-055-old-rose-white.json,https://colorcombinations.org/embed/wada-055-old-rose-white/,https://colorcombinations.org/og/wada-055-old-rose-white.svg
wada-056-grayish-lavender-b-violet,Grayish Lavender - B & Violet,,"Plate 56 from Sanzo Wada's 1933 Dictionary of Color Combinations - Grayish Lavender - B, Violet.",neutral,refined|austere,showa,2,#c0a9b3,Grayish Lavender - B,,#4f4086,Violet,,,,,,,,https://colorcombinations.org/palettes/wada-056-grayish-lavender-b-violet/,https://colorcombinations.org/api/palettes/wada-056-grayish-lavender-b-violet.json,https://colorcombinations.org/embed/wada-056-grayish-lavender-b-violet/,https://colorcombinations.org/og/wada-056-grayish-lavender-b-violet.svg
wada-057-taupe-brown-slate-color,Taupe Brown & Slate Color,,"Plate 57 from Sanzo Wada's 1933 Dictionary of Color Combinations - Taupe Brown, Slate Color.",red,solemn|warm|austere,showa,2,#7a4456,Taupe Brown,,#34454c,Slate Color,,,,,,,,https://colorcombinations.org/palettes/wada-057-taupe-brown-slate-color/,https://colorcombinations.org/api/palettes/wada-057-taupe-brown-slate-color.json,https://colorcombinations.org/embed/wada-057-taupe-brown-slate-color/,https://colorcombinations.org/og/wada-057-taupe-brown-slate-color.svg
wada-058-hay-s-russet-sea-green,Hay's Russet & Sea Green,,"Plate 58 from Sanzo Wada's 1933 Dictionary of Color Combinations - Hay's Russet, Sea Green.",red,solemn|warm|austere,showa,2,#793327,Hay's Russet,,#00b49b,Sea Green,,,,,,,,https://colorcombinations.org/palettes/wada-058-hay-s-russet-sea-green/,https://colorcombinations.org/api/palettes/wada-058-hay-s-russet-sea-green.json,https://colorcombinations.org/embed/wada-058-hay-s-russet-sea-green/,https://colorcombinations.org/og/wada-058-hay-s-russet-sea-green.svg
wada-059-eosine-pink-citrine,Eosine Pink & Citrine,,"Plate 59 from Sanzo Wada's 1933 Dictionary of Color Combinations - Eosine Pink, Citrine.",red,refined|warm|austere,showa,2,#f37f94,Eosine Pink,,#b09f36,Citrine,,,,,,,,https://colorcombinations.org/palettes/wada-059-eosine-pink-citrine/,https://colorcombinations.org/api/palettes/wada-059-eosine-pink-citrine.json,https://colorcombinations.org/embed/wada-059-eosine-pink-citrine/,https://colorcombinations.org/og/wada-059-eosine-pink-citrine.svg
wada-060-pale-lemon-yellow-dark-tyrian-blue,Pale Lemon Yellow & Dark Tyrian Blue,,"Plate 60 from Sanzo Wada's 1933 Dictionary of Color Combinations - Pale Lemon Yellow, Dark Tyrian Blue.",yellow,refined|cool|austere,showa,2,#ffefae,Pale Lemon Yellow,,#12354e,Dark Tyrian Blue,,,,,,,,https://colorcombinations.org/palettes/wada-060-pale-lemon-yellow-dark-tyrian-blue/,https://colorcombinations.org/api/palettes/wada-060-pale-lemon-yellow-dark-tyrian-blue.json,https://colorcombinations.org/embed/wada-060-pale-lemon-yellow-dark-tyrian-blue/,https://colorcombinations.org/og/wada-060-pale-lemon-yellow-dark-tyrian-blue.svg
wada-061-light-green-yellow-cotinga-purple,Light Green Yellow & Cotinga Purple,,"Plate 61 from Sanzo Wada's 1933 Dictionary of Color Combinations - Light Green Yellow, Cotinga Purple.",yellow,refined|austere,showa,2,#c7d14f,Light Green Yellow,,#501345,Cotinga Purple,,,,,,,,https://colorcombinations.org/palettes/wada-061-light-green-yellow-cotinga-purple/,https://colorcombinations.org/api/palettes/wada-061-light-green-yellow-cotinga-purple.json,https://colorcombinations.org/embed/wada-061-light-green-yellow-cotinga-purple/,https://colorcombinations.org/og/wada-061-light-green-yellow-cotinga-purple.svg
wada-062-yellow-black,Yellow & Black,,"Plate 62 from Sanzo Wada's 1933 Dictionary of Color Combinations - Yellow, Black.",yellow,solemn|austere,showa,2,#fff200,Yellow,,#111314,Black,,,,,,,,https://colorcombinations.org/palettes/wada-062-yellow-black/,https://colorcombinations.org/api/palettes/wada-062-yellow-black.json,https://colorcombinations.org/embed/wada-062-yellow-black/,https://colorcombinations.org/og/wada-062-yellow-black.svg
wada-063-vistoris-lake-cerulian-blue,Vistoris Lake & Cerulian Blue,,"Plate 63 from Sanzo Wada's 1933 Dictionary of Color Combinations - Vistoris Lake, Cerulian Blue.",red,solemn|warm|austere,showa,2,#6d4145,Vistoris Lake,,#0093a5,Cerulian Blue,,,,,,,,https://colorcombinations.org/palettes/wada-063-vistoris-lake-cerulian-blue/,https://colorcombinations.org/api/palettes/wada-063-vistoris-lake-cerulian-blue.json,https://colorcombinations.org/embed/wada-063-vistoris-lake-cerulian-blue/,https://colorcombinations.org/og/wada-063-vistoris-lake-cerulian-blue.svg
wada-064-aconite-violet-dark-soft-violet,Aconite Violet & Dark Soft Violet,,"Plate 64 from Sanzo Wada's 1933 Dictionary of Color Combinations - Aconite Violet, Dark Soft Violet.",pink,refined|cool|austere,showa,2,#a36aa5,Aconite Violet,,#66629c,Dark Soft Violet,,,,,,,,https://colorcombinations.org/palettes/wada-064-aconite-violet-dark-soft-violet/,https://colorcombinations.org/api/palettes/wada-064-aconite-violet-dark-soft-violet.json,https://colorcombinations.org/embed/wada-064-aconite-violet-dark-soft-violet/,https://colorcombinations.org/og/wada-064-aconite-violet-dark-soft-violet.svg
wada-065-sulphine-yellow-calamine-blue,Sulphine Yellow & Calamine BLue,,"Plate 65 from Sanzo Wada's 1933 Dictionary of Color Combinations - Sulphine Yellow, Calamine BLue.",yellow,refined|cool|austere,showa,2,#c19f2c,Sulphine Yellow,,#78cdd0,Calamine BLue,,,,,,,,https://colorcombinations.org/palettes/wada-065-sulphine-yellow-calamine-blue/,https://colorcombinations.org/api/palettes/wada-065-sulphine-yellow-calamine-blue.json,https://colorcombinations.org/embed/wada-065-sulphine-yellow-calamine-blue/,https://colorcombinations.org/og/wada-065-sulphine-yellow-calamine-blue.svg
wada-066-olive-ocher-olive-green,Olive Ocher & Olive Green,,"Plate 66 from Sanzo Wada's 1933 Dictionary of Color Combinations - Olive Ocher, Olive Green.",yellow,refined|cool|austere,showa,2,#d6b43e,Olive Ocher,,#6b7140,Olive Green,,,,,,,,https://colorcombinations.org/palettes/wada-066-olive-ocher-olive-green/,https://colorcombinations.org/api/palettes/wada-066-olive-ocher-olive-green.json,https://colorcombinations.org/embed/wada-066-olive-ocher-olive-green/,https://colorcombinations.org/og/wada-066-olive-ocher-olive-green.svg
wada-067-olympic-blue-dark-tyrian-blue,Olympic Blue & Dark Tyrian Blue,,"Plate 67 from Sanzo Wada's 1933 Dictionary of Color Combinations - Olympic Blue, Dark Tyrian Blue.",blue,refined|cool|austere,showa,2,#5a82b3,Olympic Blue,,#12354e,Dark Tyrian Blue,,,,,,,,https://colorcombinations.org/palettes/wada-067-olympic-blue-dark-tyrian-blue/,https://colorcombinations.org/api/palettes/wada-067-olympic-blue-dark-tyrian-blue.json,https://colorcombinations.org/embed/wada-067-olympic-blue-dark-tyrian-blue/,https://colorcombinations.org/og/wada-067-olympic-blue-dark-tyrian-blue.svg
wada-068-light-brown-drab-yellow,Light Brown Drab & Yellow,,"Plate 68 from Sanzo Wada's 1933 Dictionary of Color Combinations - Light Brown Drab, Yellow.",red,refined|warm|austere,showa,2,#b59392,Light Brown Drab,,#fff200,Yellow,,,,,,,,https://colorcombinations.org/palettes/wada-068-light-brown-drab-yellow/,https://colorcombinations.org/api/palettes/wada-068-light-brown-drab-yellow.json,https://colorcombinations.org/embed/wada-068-light-brown-drab-yellow/,https://colorcombinations.org/og/wada-068-light-brown-drab-yellow.svg
wada-069-warm-gray-black,Warm Gray & Black,,"Plate 69 from Sanzo Wada's 1933 Dictionary of Color Combinations - Warm Gray, Black.",neutral,solemn|austere,showa,2,#a1a39a,Warm Gray,,#111314,Black,,,,,,,,https://colorcombinations.org/palettes/wada-069-warm-gray-black/,https://colorcombinations.org/api/palettes/wada-069-warm-gray-black.json,https://colorcombinations.org/embed/wada-069-warm-gray-black/,https://colorcombinations.org/og/wada-069-warm-gray-black.svg
wada-070-raw-sienna-lincoln-green,Raw Sienna & Lincoln Green,,"Plate 70 from Sanzo Wada's 1933 Dictionary of Color Combinations - Raw Sienna, Lincoln Green.",orange,refined|warm|austere,showa,2,#bb7125,Raw Sienna,,#555832,Lincoln Green,,,,,,,,https://colorcombinations.org/palettes/wada-070-raw-sienna-lincoln-green/,https://colorcombinations.org/api/palettes/wada-070-raw-sienna-lincoln-green.json,https://colorcombinations.org/embed/wada-070-raw-sienna-lincoln-green/,https://colorcombinations.org/og/wada-070-raw-sienna-lincoln-green.svg
wada-071-pompeian-red-ochraceous-salmon,Pompeian Red & Ochraceous Salmon,,"Plate 71 from Sanzo Wada's 1933 Dictionary of Color Combinations - Pompeian Red, Ochraceous Salmon.",red,refined|warm|austere,showa,2,#ab2439,Pompeian Red,,#d8a37b,Ochraceous Salmon,,,,,,,,https://colorcombinations.org/palettes/wada-071-pompeian-red-ochraceous-salmon/,https://colorcombinations.org/api/palettes/wada-071-pompeian-red-ochraceous-salmon.json,https://colorcombinations.org/embed/wada-071-pompeian-red-ochraceous-salmon/,https://colorcombinations.org/og/wada-071-pompeian-red-ochraceous-salmon.svg
wada-072-sulpher-yellow-pale-king-s-blue,Sulpher Yellow & Pale King's Blue,,"Plate 72 from Sanzo Wada's 1933 Dictionary of Color Combinations - Sulpher Yellow, Pale King's Blue.",yellow,serene|cool|austere,showa,2,#f5ecc2,Sulpher Yellow,,#a7d4e4,Pale King's Blue,,,,,,,,https://colorcombinations.org/palettes/wada-072-sulpher-yellow-pale-king-s-blue/,https://colorcombinations.org/api/palettes/wada-072-sulpher-yellow-pale-king-s-blue.json,https://colorcombinations.org/embed/wada-072-sulpher-yellow-pale-king-s-blue/,https://colorcombinations.org/og/wada-072-sulpher-yellow-pale-king-s-blue.svg
wada-073-pale-raw-umber-rainette-green,Pale Raw Umber & Rainette Green,,"Plate 73 from Sanzo Wada's 1933 Dictionary of Color Combinations - Pale Raw Umber, Rainette Green.",orange,refined|warm|austere,showa,2,#71502f,Pale Raw Umber,,#8fa071,Rainette Green,,,,,,,,https://colorcombinations.org/palettes/wada-073-pale-raw-umber-rainette-green/,https://colorcombinations.org/api/palettes/wada-073-pale-raw-umber-rainette-green.json,https://colorcombinations.org/embed/wada-073-pale-raw-umber-rainette-green/,https://colorcombinations.org/og/wada-073-pale-raw-umber-rainette-green.svg
wada-074-turquoise-green-green-blue,Turquoise Green & Green Blue,,"Plate 74 from Sanzo Wada's 1933 Dictionary of Color Combinations - Turquoise Green, Green Blue.",green,refined|cool|austere,showa,2,#b5decc,Turquoise Green,,#099197,Green Blue,,,,,,,,https://colorcombinations.org/palettes/wada-074-turquoise-green-green-blue/,https://colorcombinations.org/api/palettes/wada-074-turquoise-green-green-blue.json,https://colorcombinations.org/embed/wada-074-turquoise-green-green-blue/,https://colorcombinations.org/og/wada-074-turquoise-green-green-blue.svg
wada-075-pale-king-s-blue-violet-blue,Pale King's Blue & Violet Blue,,"Plate 75 from Sanzo Wada's 1933 Dictionary of Color Combinations - Pale King's Blue, Violet Blue.",blue,refined|cool|austere,showa,2,#a7d4e4,Pale King's Blue,,#40456a,Violet Blue,,,,,,,,https://colorcombinations.org/palettes/wada-075-pale-king-s-blue-violet-blue/,https://colorcombinations.org/api/palettes/wada-075-pale-king-s-blue-violet-blue.json,https://colorcombinations.org/embed/wada-075-pale-king-s-blue-violet-blue/,https://colorcombinations.org/og/wada-075-pale-king-s-blue-violet-blue.svg
wada-076-pale-lemon-yellow-warm-gray,Pale Lemon Yellow & Warm Gray,,"Plate 76 from Sanzo Wada's 1933 Dictionary of Color Combinations - Pale Lemon Yellow, Warm Gray.",yellow,serene|austere,showa,2,#ffefae,Pale Lemon Yellow,,#a1a39a,Warm Gray,,,,,,,,https://colorcombinations.org/palettes/wada-076-pale-lemon-yellow-warm-gray/,https://colorcombinations.org/api/palettes/wada-076-pale-lemon-yellow-warm-gray.json,https://colorcombinations.org/embed/wada-076-pale-lemon-yellow-warm-gray/,https://colorcombinations.org/og/wada-076-pale-lemon-yellow-warm-gray.svg
wada-077-eugenia-red-b-vandar-poel-s-blue,Eugenia Red | B & Vandar Poel's Blue,,"Plate 77 from Sanzo Wada's 1933 Dictionary of Color Combinations - Eugenia Red | B, Vandar Poel's Blue.",red,refined|warm|austere,showa,2,#da525d,Eugenia Red | B,,#064f6e,Vandar Poel's Blue,,,,,,,,https://colorcombinations.org/palettes/wada-077-eugenia-red-b-vandar-poel-s-blue/,https://colorcombinations.org/api/palettes/wada-077-eugenia-red-b-vandar-poel-s-blue.json,https://colorcombinations.org/embed/wada-077-eugenia-red-b-vandar-poel-s-blue/,https://colorcombinations.org/og/wada-077-eugenia-red-b-vandar-poel-s-blue.svg
wada-078-pinkish-cinnamon-venice-green,Pinkish Cinnamon & Venice Green,,"Plate 78 from Sanzo Wada's 1933 Dictionary of Color Combinations - Pinkish Cinnamon, Venice Green.",orange,refined|warm|austere,showa,2,#eeb480,Pinkish Cinnamon,,#62c6bf,Venice Green,,,,,,,,https://colorcombinations.org/palettes/wada-078-pinkish-cinnamon-venice-green/,https://colorcombinations.org/api/palettes/wada-078-pinkish-cinnamon-venice-green.json,https://colorcombinations.org/embed/wada-078-pinkish-cinnamon-venice-green/,https://colorcombinations.org/og/wada-078-pinkish-cinnamon-venice-green.svg
wada-079-madder-brown-green-blue,Madder Brown & Green Blue,,"Plate 79 from Sanzo Wada's 1933 Dictionary of Color Combinations - Madder Brown, Green Blue.",red,solemn|warm|austere,showa,2,#762c19,Madder Brown,,#099197,Green Blue,,,,,,,,https://colorcombinations.org/palettes/wada-079-madder-brown-green-blue/,https://colorcombinations.org/api/palettes/wada-079-madder-brown-green-blue.json,https://colorcombinations.org/embed/wada-079-madder-brown-green-blue/,https://colorcombinations.org/og/wada-079-madder-brown-green-blue.svg
wada-080-sulpher-yellow-light-mauve,Sulpher Yellow & Light Mauve,,"Plate 80 from Sanzo Wada's 1933 Dictionary of Color Combinations - Sulpher Yellow, Light Mauve.",yellow,serene|austere,showa,2,#f5ecc2,Sulpher Yellow,,#9a72aa,Light Mauve,,,,,,,,https://colorcombinations.org/palettes/wada-080-sulpher-yellow-light-mauve/,https://colorcombinations.org/api/palettes/wada-080-sulpher-yellow-light-mauve.json,https://colorcombinations.org/embed/wada-080-sulpher-yellow-light-mauve/,https://colorcombinations.org/og/wada-080-sulpher-yellow-light-mauve.svg
wada-081-golden-yellow-warm-gray,Golden Yellow & Warm Gray,,"Plate 81 from Sanzo Wada's 1933 Dictionary of Color Combinations - Golden Yellow, Warm Gray.",orange,refined|warm|austere,showa,2,#f3a257,Golden Yellow,,#a1a39a,Warm Gray,,,,,,,,https://colorcombinations.org/palettes/wada-081-golden-yellow-warm-gray/,https://colorcombinations.org/api/palettes/wada-081-golden-yellow-warm-gray.json,https://colorcombinations.org/embed/wada-081-golden-yellow-warm-gray/,https://colorcombinations.org/og/wada-081-golden-yellow-warm-gray.svg
wada-082-hay-s-russet-dusky-madder-violet,Hay's Russet & Dusky Madder Violet,,"Plate 82 from Sanzo Wada's 1933 Dictionary of Color Combinations - Hay's Russet, Dusky Madder Violet.",red,solemn|warm|austere,showa,2,#793327,Hay's Russet,,#4e1d4c,Dusky Madder Violet,,,,,,,,https://colorcombinations.org/palettes/wada-082-hay-s-russet-dusky-madder-violet/,https://colorcombinations.org/api/palettes/wada-082-hay-s-russet-dusky-madder-violet.json,https://colorcombinations.org/embed/wada-082-hay-s-russet-dusky-madder-violet/,https://colorcombinations.org/og/wada-082-hay-s-russet-dusky-madder-violet.svg
wada-083-olive-buff-violet-blue,Olive Buff & Violet Blue,,"Plate 83 from Sanzo Wada's 1933 Dictionary of Color Combinations - Olive Buff, Violet Blue.",yellow,refined|cool|austere,showa,2,#c1c494,Olive Buff,,#40456a,Violet Blue,,,,,,,,https://colorcombinations.org/palettes/wada-083-olive-buff-violet-blue/,https://colorcombinations.org/api/palettes/wada-083-olive-buff-violet-blue.json,https://colorcombinations.org/embed/wada-083-olive-buff-violet-blue/,https://colorcombinations.org/og/wada-083-olive-buff-violet-blue.svg
wada-084-seashell-pink-deep-slate-green,Seashell Pink & Deep Slate Green,,"Plate 84 from Sanzo Wada's 1933 Dictionary of Color Combinations - Seashell Pink, Deep Slate Green.",orange,refined|warm|austere,showa,2,#fdd4bd,Seashell Pink,,#112f2c,Deep Slate Green,,,,,,,,https://colorcombinations.org/palettes/wada-084-seashell-pink-deep-slate-green/,https://colorcombinations.org/api/palettes/wada-084-seashell-pink-deep-slate-green.json,https://colorcombinations.org/embed/wada-084-seashell-pink-deep-slate-green/,https://colorcombinations.org/og/wada-084-seashell-pink-deep-slate-green.svg
wada-085-vinaceous-tawny-antwarp-blue,Vinaceous Tawny & Antwarp Blue,,"Plate 85 from Sanzo Wada's 1933 Dictionary of Color Combinations - Vinaceous Tawny, Antwarp Blue.",orange,refined|warm|austere,showa,2,#c56127,Vinaceous Tawny,,#007190,Antwarp Blue,,,,,,,,https://colorcombinations.org/palettes/wada-085-vinaceous-tawny-antwarp-blue/,https://colorcombinations.org/api/palettes/wada-085-vinaceous-tawny-antwarp-blue.json,https://colorcombinations.org/embed/wada-085-vinaceous-tawny-antwarp-blue/,https://colorcombinations.org/og/wada-085-vinaceous-tawny-antwarp-blue.svg
wada-086-raw-sienna-sea-green,Raw Sienna & Sea Green,,"Plate 86 from Sanzo Wada's 1933 Dictionary of Color Combinations - Raw Sienna, Sea Green.",orange,refined|warm|austere,showa,2,#bb7125,Raw Sienna,,#00b49b,Sea Green,,,,,,,,https://colorcombinations.org/palettes/wada-086-raw-sienna-sea-green/,https://colorcombinations.org/api/palettes/wada-086-raw-sienna-sea-green.json,https://colorcombinations.org/embed/wada-086-raw-sienna-sea-green/,https://colorcombinations.org/og/wada-086-raw-sienna-sea-green.svg
wada-087-corinthian-pink-citron-yellow,Corinthian Pink & Citron Yellow,,"Plate 87 from Sanzo Wada's 1933 Dictionary of Color Combinations - Corinthian Pink, Citron Yellow.",red,refined|warm|austere,showa,2,#f8b6ba,Corinthian Pink,,#b2b73e,Citron Yellow,,,,,,,,https://colorcombinations.org/palettes/wada-087-corinthian-pink-citron-yellow/,https://colorcombinations.org/api/palettes/wada-087-corinthian-pink-citron-yellow.json,https://colorcombinations.org/embed/wada-087-corinthian-pink-citron-yellow/,https://colorcombinations.org/og/wada-087-corinthian-pink-citron-yellow.svg
wada-088-seashell-pink-blue,Seashell Pink & Blue,,"Plate 88 from Sanzo Wada's 1933 Dictionary of Color Combinations - Seashell Pink, Blue.",orange,refined|warm|austere,showa,2,#fdd4bd,Seashell Pink,,#006eb8,Blue,,,,,,,,https://colorcombinations.org/palettes/wada-088-seashell-pink-blue/,https://colorcombinations.org/api/palettes/wada-088-seashell-pink-blue.json,https://colorcombinations.org/embed/wada-088-seashell-pink-blue/,https://colorcombinations.org/og/wada-088-seashell-pink-blue.svg
wada-089-yellow-orange-violet-blue,Yellow Orange & Violet Blue,,"Plate 89 from Sanzo Wada's 1933 Dictionary of Color Combinations - Yellow Orange, Violet Blue.",yellow,refined|cool|austere,showa,2,#f99d1b,Yellow Orange,,#40456a,Violet Blue,,,,,,,,https://colorcombinations.org/palettes/wada-089-yellow-orange-violet-blue/,https://colorcombinations.org/api/palettes/wada-089-yellow-orange-violet-blue.json,https://colorcombinations.org/embed/wada-089-yellow-orange-violet-blue/,https://colorcombinations.org/og/wada-089-yellow-orange-violet-blue.svg
wada-090-eosine-pink-aconite-violet,Eosine Pink & Aconite Violet,,"Plate 90 from Sanzo Wada's 1933 Dictionary of Color Combinations - Eosine Pink, Aconite Violet.",red,refined|warm|austere,showa,2,#f37f94,Eosine Pink,,#a36aa5,Aconite Violet,,,,,,,,https://colorcombinations.org/palettes/wada-090-eosine-pink-aconite-violet/,https://colorcombinations.org/api/palettes/wada-090-eosine-pink-aconite-violet.json,https://colorcombinations.org/embed/wada-090-eosine-pink-aconite-violet/,https://colorcombinations.org/og/wada-090-eosine-pink-aconite-violet.svg
wada-091-vistoris-lake-orange-rufous,Vistoris Lake & Orange Rufous,,"Plate 91 from Sanzo Wada's 1933 Dictionary of Color Combinations - Vistoris Lake, Orange Rufous.",red,refined|warm|austere,showa,2,#6d4145,Vistoris Lake,,#c16b27,Orange Rufous,,,,,,,,https://colorcombinations.org/palettes/wada-091-vistoris-lake-orange-rufous/,https://colorcombinations.org/api/palettes/wada-091-vistoris-lake-orange-rufous.json,https://colorcombinations.org/embed/wada-091-vistoris-lake-orange-rufous/,https://colorcombinations.org/og/wada-091-vistoris-lake-orange-rufous.svg
wada-092-coral-red-benzol-green,Coral Red & Benzol Green,,"Plate 92 from Sanzo Wada's 1933 Dictionary of Color Combinations - Coral Red, Benzol Green.",red,refined|warm|austere,showa,2,#f58e84,Coral Red,,#00978d,Benzol Green,,,,,,,,https://colorcombinations.org/palettes/wada-092-coral-red-benzol-green/,https://colorcombinations.org/api/palettes/wada-092-coral-red-benzol-green.json,https://colorcombinations.org/embed/wada-092-coral-red-benzol-green/,https://colorcombinations.org/og/wada-092-coral-red-benzol-green.svg
wada-093-citrine-light-glaucous-blue,Citrine & Light Glaucous Blue,,"Plate 93 from Sanzo Wada's 1933 Dictionary of Color Combinations - Citrine, Light Glaucous Blue.",yellow,refined|cool|austere,showa,2,#b09f36,Citrine,,#a5c8d1,Light Glaucous Blue,,,,,,,,https://colorcombinations.org/palettes/wada-093-citrine-light-glaucous-blue/,https://colorcombinations.org/api/palettes/wada-093-citrine-light-glaucous-blue.json,https://colorcombinations.org/embed/wada-093-citrine-light-glaucous-blue/,https://colorcombinations.org/og/wada-093-citrine-light-glaucous-blue.svg
wada-094-ivory-buff-dusky-green,Ivory Buff & Dusky Green,,"Plate 94 from Sanzo Wada's 1933 Dictionary of Color Combinations - Ivory Buff, Dusky Green.",yellow,refined|cool|austere,showa,2,#ebd3a2,Ivory Buff,,#004f46,Dusky Green,,,,,,,,https://colorcombinations.org/palettes/wada-094-ivory-buff-dusky-green/,https://colorcombinations.org/api/palettes/wada-094-ivory-buff-dusky-green.json,https://colorcombinations.org/embed/wada-094-ivory-buff-dusky-green/,https://colorcombinations.org/og/wada-094-ivory-buff-dusky-green.svg
wada-095-hay-s-russet-dull-violet-black,Hay's Russet & Dull Violet Black,,"Plate 95 from Sanzo Wada's 1933 Dictionary of Color Combinations - Hay's Russet, Dull Violet Black.",red,solemn|warm|austere,showa,2,#793327,Hay's Russet,,#1e0e3f,Dull Violet Black,,,,,,,,https://colorcombinations.org/palettes/wada-095-hay-s-russet-dull-violet-black/,https://colorcombinations.org/api/palettes/wada-095-hay-s-russet-dull-violet-black.json,https://colorcombinations.org/embed/wada-095-hay-s-russet-dull-violet-black/,https://colorcombinations.org/og/wada-095-hay-s-russet-dull-violet-black.svg
wada-096-yellow-ocher-olive,Yellow Ocher & Olive,,"Plate 96 from Sanzo Wada's 1933 Dictionary of Color Combinations - Yellow Ocher, Olive.",yellow,refined|austere,showa,2,#e2b540,Yellow Ocher,,#837e31,Olive,,,,,,,,https://colorcombinations.org/palettes/wada-096-yellow-ocher-olive/,https://colorcombinations.org/api/palettes/wada-096-yellow-ocher-olive.json,https://colorcombinations.org/embed/wada-096-yellow-ocher-olive/,https://colorcombinations.org/og/wada-096-yellow-ocher-olive.svg
wada-097-corinthian-pink-etruscan-red,Corinthian Pink & Etruscan Red,,"Plate 97 from Sanzo Wada's 1933 Dictionary of Color Combinations - Corinthian Pink, Etruscan Red.",red,refined|warm|austere,showa,2,#f8b6ba,Corinthian Pink,,#c55347,Etruscan Red,,,,,,,,https://colorcombinations.org/palettes/wada-097-corinthian-pink-etruscan-red/,https://colorcombinations.org/api/palettes/wada-097-corinthian-pink-etruscan-red.json,https://colorcombinations.org/embed/wada-097-corinthian-pink-etruscan-red/,https://colorcombinations.org/og/wada-097-corinthian-pink-etruscan-red.svg
wada-098-madder-brown-violet-blue,Madder Brown & Violet Blue,,"Plate 98 from Sanzo Wada's 1933 Dictionary of Color Combinations - Madder Brown, Violet Blue.",red,solemn|warm|austere,showa,2,#762c19,Madder Brown,,#40456a,Violet Blue,,,,,,,,https://colorcombinations.org/palettes/wada-098-madder-brown-violet-blue/,https://colorcombinations.org/api/palettes/wada-098-madder-brown-violet-blue.json,https://colorcombinations.org/embed/wada-098-madder-brown-violet-blue/,https://colorcombinations.org/og/wada-098-madder-brown-violet-blue.svg
wada-099-pale-lemon-yellow-cerulian-blue,Pale Lemon Yellow & Cerulian Blue,,"Plate 99 from Sanzo Wada's 1933 Dictionary of Color Combinations - Pale Lemon Yellow, Cerulian Blue.",yellow,refined|cool|austere,showa,2,#ffefae,Pale Lemon Yellow,,#0093a5,Cerulian Blue,,,,,,,,https://colorcombinations.org/palettes/wada-099-pale-lemon-yellow-cerulian-blue/,https://colorcombinations.org/api/palettes/wada-099-pale-lemon-yellow-cerulian-blue.json,https://colorcombinations.org/embed/wada-099-pale-lemon-yellow-cerulian-blue/,https://colorcombinations.org/og/wada-099-pale-lemon-yellow-cerulian-blue.svg
wada-100-buffy-citrine-dull-blue-violet,Buffy Citrine & Dull Blue Violet,,"Plate 100 from Sanzo Wada's 1933 Dictionary of Color Combinations - Buffy Citrine, Dull Blue Violet.",yellow,refined|austere,showa,2,#96874d,Buffy Citrine,,#80719e,Dull Blue Violet,,,,,,,,https://colorcombinations.org/palettes/wada-100-buffy-citrine-dull-blue-violet/,https://colorcombinations.org/api/palettes/wada-100-buffy-citrine-dull-blue-violet.json,https://colorcombinations.org/embed/wada-100-buffy-citrine-dull-blue-violet/,https://colorcombinations.org/og/wada-100-buffy-citrine-dull-blue-violet.svg
wada-101-cameo-pink-deep-lyons-blue,Cameo Pink & Deep Lyons Blue,,"Plate 101 from Sanzo Wada's 1933 Dictionary of Color Combinations - Cameo Pink, Deep Lyons Blue.",red,refined|warm|austere,showa,2,#e0b3b6,Cameo Pink,,#1c4286,Deep Lyons Blue,,,,,,,,https://colorcombinations.org/palettes/wada-101-cameo-pink-deep-lyons-blue/,https://colorcombinations.org/api/palettes/wada-101-cameo-pink-deep-lyons-blue.json,https://colorcombinations.org/embed/wada-101-cameo-pink-deep-lyons-blue/,https://colorcombinations.org/og/wada-101-cameo-pink-deep-lyons-blue.svg
wada-102-ivory-buff-orange-rufous,Ivory Buff & Orange Rufous,,"Plate 102 from Sanzo Wada's 1933 Dictionary of Color Combinations - Ivory Buff, Orange Rufous.",yellow,refined|warm|austere,showa,2,#ebd3a2,Ivory Buff,,#c16b27,Orange Rufous,,,,,,,,https://colorcombinations.org/palettes/wada-102-ivory-buff-orange-rufous/,https://colorcombinations.org/api/palettes/wada-102-ivory-buff-orange-rufous.json,https://colorcombinations.org/embed/wada-102-ivory-buff-orange-rufous/,https://colorcombinations.org/og/wada-102-ivory-buff-orange-rufous.svg
wada-103-cinnamon-rufous-dusky-madder-violet,Cinnamon Rufous & Dusky Madder Violet,,"Plate 103 from Sanzo Wada's 1933 Dictionary of Color Combinations - Cinnamon Rufous, Dusky Madder Violet.",orange,refined|warm|austere,showa,2,#c27544,Cinnamon Rufous,,#4e1d4c,Dusky Madder Violet,,,,,,,,https://colorcombinations.org/palettes/wada-103-cinnamon-rufous-dusky-madder-violet/,https://colorcombinations.org/api/palettes/wada-103-cinnamon-rufous-dusky-madder-violet.json,https://colorcombinations.org/embed/wada-103-cinnamon-rufous-dusky-madder-violet/,https://colorcombinations.org/og/wada-103-cinnamon-rufous-dusky-madder-violet.svg
wada-104-carmine-red-sulpher-yellow,Carmine Red & Sulpher Yellow,,"Plate 104 from Sanzo Wada's 1933 Dictionary of Color Combinations - Carmine Red, Sulpher Yellow.",red,refined|warm|austere,showa,2,#a62c37,Carmine Red,,#f5ecc2,Sulpher Yellow,,,,,,,,https://colorcombinations.org/palettes/wada-104-carmine-red-sulpher-yellow/,https://colorcombinations.org/api/palettes/wada-104-carmine-red-sulpher-yellow.json,https://colorcombinations.org/embed/wada-104-carmine-red-sulpher-yellow/,https://colorcombinations.org/og/wada-104-carmine-red-sulpher-yellow.svg
wada-105-cameo-pink-chromium-green,Cameo Pink & Chromium Green,,"Plate 105 from Sanzo Wada's 1933 Dictionary of Color Combinations - Cameo Pink, Chromium Green.",red,refined|warm|austere,showa,2,#e0b3b6,Cameo Pink,,#719470,Chromium Green,,,,,,,,https://colorcombinations.org/palettes/wada-105-cameo-pink-chromium-green/,https://colorcombinations.org/api/palettes/wada-105-cameo-pink-chromium-green.json,https://colorcombinations.org/embed/wada-105-cameo-pink-chromium-green/,https://colorcombinations.org/og/wada-105-cameo-pink-chromium-green.svg
wada-106-antwarp-blue-dull-violet-black,Antwarp Blue & Dull Violet Black,,"Plate 106 from Sanzo Wada's 1933 Dictionary of Color Combinations - Antwarp Blue, Dull Violet Black.",blue,solemn|cool|austere,showa,2,#007190,Antwarp Blue,,#1e0e3f,Dull Violet Black,,,,,,,,https://colorcombinations.org/palettes/wada-106-antwarp-blue-dull-violet-black/,https://colorcombinations.org/api/palettes/wada-106-antwarp-blue-dull-violet-black.json,https://colorcombinations.org/embed/wada-106-antwarp-blue-dull-violet-black/,https://colorcombinations.org/og/wada-106-antwarp-blue-dull-violet-black.svg
wada-107-apricot-yellow-light-grayish-olive,Apricot Yellow & Light Grayish Olive,,"Plate 107 from Sanzo Wada's 1933 Dictionary of Color Combinations - Apricot Yellow, Light Grayish Olive.",yellow,refined|austere,showa,2,#ffdd00,Apricot Yellow,,#848061,Light Grayish Olive,,,,,,,,https://colorcombinations.org/palettes/wada-107-apricot-yellow-light-grayish-olive/,https://colorcombinations.org/api/palettes/wada-107-apricot-yellow-light-grayish-olive.json,https://colorcombinations.org/embed/wada-107-apricot-yellow-light-grayish-olive/,https://colorcombinations.org/og/wada-107-apricot-yellow-light-grayish-olive.svg
wada-108-eosine-pink-brick-red,Eosine Pink & Brick Red,,"Plate 108 from Sanzo Wada's 1933 Dictionary of Color Combinations - Eosine Pink, Brick Red.",red,refined|warm|austere,showa,2,#f37f94,Eosine Pink,,#a84222,Brick Red,,,,,,,,https://colorcombinations.org/palettes/wada-108-eosine-pink-brick-red/,https://colorcombinations.org/api/palettes/wada-108-eosine-pink-brick-red.json,https://colorcombinations.org/embed/wada-108-eosine-pink-brick-red/,https://colorcombinations.org/og/wada-108-eosine-pink-brick-red.svg
wada-109-pale-lemon-yellow-blackish-olive,Pale Lemon Yellow & Blackish Olive,,"Plate 109 from Sanzo Wada's 1933 Dictionary of Color Combinations - Pale Lemon Yellow, Blackish Olive.",yellow,refined|austere,showa,2,#ffefae,Pale Lemon Yellow,,#42533e,Blackish Olive,,,,,,,,https://colorcombinations.org/palettes/wada-109-pale-lemon-yellow-blackish-olive/,https://colorcombinations.org/api/palettes/wada-109-pale-lemon-yellow-blackish-olive.json,https://colorcombinations.org/embed/wada-109-pale-lemon-yellow-blackish-olive/,https://colorcombinations.org/og/wada-109-pale-lemon-yellow-blackish-olive.svg
wada-110-brown-vandyke-brown,Brown & Vandyke Brown,,"Plate 110 from Sanzo Wada's 1933 Dictionary of Color Combinations - Brown, Vandyke Brown.",orange,solemn|warm|austere,showa,2,#7c4226,Brown,,#4b3317,Vandyke Brown,,,,,,,,https://colorcombinations.org/palettes/wada-110-brown-vandyke-brown/,https://colorcombinations.org/api/palettes/wada-110-brown-vandyke-brown.json,https://colorcombinations.org/embed/wada-110-brown-vandyke-brown/,https://colorcombinations.org/og/wada-110-brown-vandyke-brown.svg
wada-111-pale-lemon-yellow-yellow-green,Pale Lemon Yellow & Yellow Green,,"Plate 111 from Sanzo Wada's 1933 Dictionary of Color Combinations - Pale Lemon Yellow, Yellow Green.",yellow,serene|cool|austere,showa,2,#ffefae,Pale Lemon Yellow,,#afd472,Yellow Green,,,,,,,,https://colorcombinations.org/palettes/wada-111-pale-lemon-yellow-yellow-green/,https://colorcombinations.org/api/palettes/wada-111-pale-lemon-yellow-yellow-green.json,https://colorcombinations.org/embed/wada-111-pale-lemon-yellow-yellow-green/,https://colorcombinations.org/og/wada-111-pale-lemon-yellow-yellow-green.svg
wada-112-grenadine-pink-black,Grenadine Pink & Black,,"Plate 112 from Sanzo Wada's 1933 Dictionary of Color Combinations - Grenadine Pink, Black.",red,refined|warm|austere,showa,2,#f48067,Grenadine Pink,,#111314,Black,,,,,,,,https://colorcombinations.org/palettes/wada-112-grenadine-pink-black/,https://colorcombinations.org/api/palettes/wada-112-grenadine-pink-black.json,https://colorcombinations.org/embed/wada-112-grenadine-pink-black/,https://colorcombinations.org/og/wada-112-grenadine-pink-black.svg
wada-113-seashell-pink-vandyke-brown,Seashell Pink & Vandyke Brown,,"Plate 113 from Sanzo Wada's 1933 Dictionary of Color Combinations - Seashell Pink, Vandyke Brown.",orange,refined|warm|austere,showa,2,#fdd4bd,Seashell Pink,,#4b3317,Vandyke Brown,,,,,,,,https://colorcombinations.org/palettes/wada-113-seashell-pink-vandyke-brown/,https://colorcombinations.org/api/palettes/wada-113-seashell-pink-vandyke-brown.json,https://colorcombinations.org/embed/wada-113-seashell-pink-vandyke-brown/,https://colorcombinations.org/og/wada-113-seashell-pink-vandyke-brown.svg
wada-114-orange-yellow-antwarp-blue,Orange Yellow & Antwarp Blue,,"Plate 114 from Sanzo Wada's 1933 Dictionary of Color Combinations - Orange Yellow, Antwarp Blue.",yellow,refined|cool|austere,showa,2,#fcb315,Orange Yellow,,#007190,Antwarp Blue,,,,,,,,https://colorcombinations.org/palettes/wada-114-orange-yellow-antwarp-blue/,https://colorcombinations.org/api/palettes/wada-114-orange-yellow-antwarp-blue.json,https://colorcombinations.org/embed/wada-114-orange-yellow-antwarp-blue/,https://colorcombinations.org/og/wada-114-orange-yellow-antwarp-blue.svg
wada-115-naples-yellow-peach-red,Naples Yellow & Peach Red,,"Plate 115 from Sanzo Wada's 1933 Dictionary of Color Combinations - Naples Yellow, Peach Red.",yellow,refined|warm|austere,showa,2,#fbe6a0,Naples Yellow,,#f15a30,Peach Red,,,,,,,,https://colorcombinations.org/palettes/wada-115-naples-yellow-peach-red/,https://colorcombinations.org/api/palettes/wada-115-naples-yellow-peach-red.json,https://colorcombinations.org/embed/wada-115-naples-yellow-peach-red/,https://colorcombinations.org/og/wada-115-naples-yellow-peach-red.svg
wada-116-cameo-pink-blue-violet,Cameo Pink & Blue Violet,,"Plate 116 from Sanzo Wada's 1933 Dictionary of Color Combinations - Cameo Pink, Blue Violet.",red,refined|warm|austere,showa,2,#e0b3b6,Cameo Pink,,#6450a1,Blue Violet,,,,,,,,https://colorcombinations.org/palettes/wada-116-cameo-pink-blue-violet/,https://colorcombinations.org/api/palettes/wada-116-cameo-pink-blue-violet.json,https://colorcombinations.org/embed/wada-116-cameo-pink-blue-violet/,https://colorcombinations.org/og/wada-116-cameo-pink-blue-violet.svg
wada-117-carmine-black,Carmine & Black,,"Plate 117 from Sanzo Wada's 1933 Dictionary of Color Combinations - Carmine, Black.",red,solemn|warm|austere,showa,2,#cc1236,Carmine,,#111314,Black,,,,,,,,https://colorcombinations.org/palettes/wada-117-carmine-black/,https://colorcombinations.org/api/palettes/wada-117-carmine-black.json,https://colorcombinations.org/embed/wada-117-carmine-black/,https://colorcombinations.org/og/wada-117-carmine-black.svg
wada-118-yellow-ocher-vandyke-brown,Yellow Ocher & Vandyke Brown,,"Plate 118 from Sanzo Wada's 1933 Dictionary of Color Combinations - Yellow Ocher, Vandyke Brown.",yellow,refined|warm|austere,showa,2,#e2b540,Yellow Ocher,,#4b3317,Vandyke Brown,,,,,,,,https://colorcombinations.org/palettes/wada-118-yellow-ocher-vandyke-brown/,https://colorcombinations.org/api/palettes/wada-118-yellow-ocher-vandyke-brown.json,https://colorcombinations.org/embed/wada-118-yellow-ocher-vandyke-brown/,https://colorcombinations.org/og/wada-118-yellow-ocher-vandyke-brown.svg
wada-119-light-glaucous-blue-dark-tyrian-blue,Light Glaucous Blue & Dark Tyrian Blue,,"Plate 119 from Sanzo Wada's 1933 Dictionary of Color Combinations - Light Glaucous Blue, Dark Tyrian Blue.",blue,refined|cool|austere,showa,2,#a5c8d1,Light Glaucous Blue,,#12354e,Dark Tyrian Blue,,,,,,,,https://colorcombinations.org/palettes/wada-119-light-glaucous-blue-dark-tyrian-blue/,https://colorcombinations.org/api/palettes/wada-119-light-glaucous-blue-dark-tyrian-blue.json,https://colorcombinations.org/embed/wada-119-light-glaucous-blue-dark-tyrian-blue/,https://colorcombinations.org/og/wada-119-light-glaucous-blue-dark-tyrian-blue.svg
wada-120-cameo-pink-pompeian-red,Cameo Pink & Pompeian Red,,"Plate 120 from Sanzo Wada's 1933 Dictionary of Color Combinations - Cameo Pink, Pompeian Red.",red,refined|warm|austere,showa,2,#e0b3b6,Cameo Pink,,#ab2439,Pompeian Red,,,,,,,,https://colorcombinations.org/palettes/wada-120-cameo-pink-pompeian-red/,https://colorcombinations.org/api/palettes/wada-120-cameo-pink-pompeian-red.json,https://colorcombinations.org/embed/wada-120-cameo-pink-pompeian-red/,https://colorcombinations.org/og/wada-120-cameo-pink-pompeian-red.svg
wada-121-brown-ochraceous-salmon,Brown & Ochraceous Salmon +1,,"Plate 121 from Sanzo Wada's 1933 Dictionary of Color Combinations - Brown, Ochraceous Salmon, Lincoln Green.",orange,refined|warm,showa,3,#7c4226,Brown,,#d8a37b,Ochraceous Salmon,,#555832,Lincoln Green,,,,,https://colorcombinations.org/palettes/wada-121-brown-ochraceous-salmon/,https://colorcombinations.org/api/palettes/wada-121-brown-ochraceous-salmon.json,https://colorcombinations.org/embed/wada-121-brown-ochraceous-salmon/,https://colorcombinations.org/og/wada-121-brown-ochraceous-salmon.svg
wada-122-carmine-cream-yellow,Carmine & Cream Yellow +1,,"Plate 122 from Sanzo Wada's 1933 Dictionary of Color Combinations - Carmine, Cream Yellow, Benzol Green.",red,refined|warm,showa,3,#cc1236,Carmine,,#fdbf68,Cream Yellow,,#00978d,Benzol Green,,,,,https://colorcombinations.org/palettes/wada-122-carmine-cream-yellow/,https://colorcombinations.org/api/palettes/wada-122-carmine-cream-yellow.json,https://colorcombinations.org/embed/wada-122-carmine-cream-yellow/,https://colorcombinations.org/og/wada-122-carmine-cream-yellow.svg
wada-123-coral-red-lemon-yellow,Coral Red & Lemon Yellow +1,,"Plate 123 from Sanzo Wada's 1933 Dictionary of Color Combinations - Coral Red, Lemon Yellow, Taupe Brown.",red,refined|warm,showa,3,#f58e84,Coral Red,,#f8ed43,Lemon Yellow,,#7a4456,Taupe Brown,,,,,https://colorcombinations.org/palettes/wada-123-coral-red-lemon-yellow/,https://colorcombinations.org/api/palettes/wada-123-coral-red-lemon-yellow.json,https://colorcombinations.org/embed/wada-123-coral-red-lemon-yellow/,https://colorcombinations.org/og/wada-123-coral-red-lemon-yellow.svg
wada-124-pale-burnt-lake-yellow-ocher,Pale Burnt Lake & Yellow Ocher +1,,"Plate 124 from Sanzo Wada's 1933 Dictionary of Color Combinations - Pale Burnt Lake, Yellow Ocher, Olive Yellow.",red,refined|warm,showa,3,#802626,Pale Burnt Lake,,#e2b540,Yellow Ocher,,#a6a159,Olive Yellow,,,,,https://colorcombinations.org/palettes/wada-124-pale-burnt-lake-yellow-ocher/,https://colorcombinations.org/api/palettes/wada-124-pale-burnt-lake-yellow-ocher.json,https://colorcombinations.org/embed/wada-124-pale-burnt-lake-yellow-ocher/,https://colorcombinations.org/og/wada-124-pale-burnt-lake-yellow-ocher.svg
wada-125-fawn-cerulian-blue,Fawn & Cerulian Blue +1,,"Plate 125 from Sanzo Wada's 1933 Dictionary of Color Combinations - Fawn, Cerulian Blue, Violet Blue.",red,refined|warm,showa,3,#d1b0a7,Fawn,,#0093a5,Cerulian Blue,,#40456a,Violet Blue,,,,,https://colorcombinations.org/palettes/wada-125-fawn-cerulian-blue/,https://colorcombinations.org/api/palettes/wada-125-fawn-cerulian-blue.json,https://colorcombinations.org/embed/wada-125-fawn-cerulian-blue/,https://colorcombinations.org/og/wada-125-fawn-cerulian-blue.svg
wada-126-ivory-buff-yellow-ocher,Ivory Buff & Yellow Ocher +1,,"Plate 126 from Sanzo Wada's 1933 Dictionary of Color Combinations - Ivory Buff, Yellow Ocher, Deep Lyons Blue.",yellow,refined|cool,showa,3,#ebd3a2,Ivory Buff,,#e2b540,Yellow Ocher,,#1c4286,Deep Lyons Blue,,,,,https://colorcombinations.org/palettes/wada-126-ivory-buff-yellow-ocher/,https://colorcombinations.org/api/palettes/wada-126-ivory-buff-yellow-ocher.json,https://colorcombinations.org/embed/wada-126-ivory-buff-yellow-ocher/,https://colorcombinations.org/og/wada-126-ivory-buff-yellow-ocher.svg
wada-127-cinnamon-buff-pistachio-green,Cinnamon Buff & Pistachio Green +1,,"Plate 127 from Sanzo Wada's 1933 Dictionary of Color Combinations - Cinnamon Buff, Pistachio Green, Dark Soft Violet.",orange,refined|warm,showa,3,#fdc57e,Cinnamon Buff,,#648f7b,Pistachio Green,,#66629c,Dark Soft Violet,,,,,https://colorcombinations.org/palettes/wada-127-cinnamon-buff-pistachio-green/,https://colorcombinations.org/api/palettes/wada-127-cinnamon-buff-pistachio-green.json,https://colorcombinations.org/embed/wada-127-cinnamon-buff-pistachio-green/,https://colorcombinations.org/og/wada-127-cinnamon-buff-pistachio-green.svg
wada-128-corinthian-pink-venice-green,Corinthian Pink & Venice Green +1,,"Plate 128 from Sanzo Wada's 1933 Dictionary of Color Combinations - Corinthian Pink, Venice Green, Light Mauve.",red,refined|warm,showa,3,#f8b6ba,Corinthian Pink,,#62c6bf,Venice Green,,#9a72aa,Light Mauve,,,,,https://colorcombinations.org/palettes/wada-128-corinthian-pink-venice-green/,https://colorcombinations.org/api/palettes/wada-128-corinthian-pink-venice-green.json,https://colorcombinations.org/embed/wada-128-corinthian-pink-venice-green/,https://colorcombinations.org/og/wada-128-corinthian-pink-venice-green.svg
wada-129-apricot-yellow-khaki,Apricot Yellow & Khaki +1,,"Plate 129 from Sanzo Wada's 1933 Dictionary of Color Combinations - Apricot Yellow, Khaki, Salvia Blue.",yellow,refined|cool,showa,3,#ffdd00,Apricot Yellow,,#bc892b,Khaki,,#97acc8,Salvia Blue,,,,,https://colorcombinations.org/palettes/wada-129-apricot-yellow-khaki/,https://colorcombinations.org/api/palettes/wada-129-apricot-yellow-khaki.json,https://colorcombinations.org/embed/wada-129-apricot-yellow-khaki/,https://colorcombinations.org/og/wada-129-apricot-yellow-khaki.svg
wada-130-raw-sienna-carmine-red,Raw Sienna & Carmine Red +1,,"Plate 130 from Sanzo Wada's 1933 Dictionary of Color Combinations - Raw Sienna, Carmine Red, Violet.",orange,refined|warm,showa,3,#bb7125,Raw Sienna,,#a62c37,Carmine Red,,#4f4086,Violet,,,,,https://colorcombinations.org/palettes/wada-130-raw-sienna-carmine-red/,https://colorcombinations.org/api/palettes/wada-130-raw-sienna-carmine-red.json,https://colorcombinations.org/embed/wada-130-raw-sienna-carmine-red/,https://colorcombinations.org/og/wada-130-raw-sienna-carmine-red.svg
wada-131-raw-sienna-english-red,Raw Sienna & English Red +1,,"Plate 131 from Sanzo Wada's 1933 Dictionary of Color Combinations - Raw Sienna, English Red, Peacock Blue.",orange,refined|warm,showa,3,#bb7125,Raw Sienna,,#d96629,English Red,,#00939b,Peacock Blue,,,,,https://colorcombinations.org/palettes/wada-131-raw-sienna-english-red/,https://colorcombinations.org/api/palettes/wada-131-raw-sienna-english-red.json,https://colorcombinations.org/embed/wada-131-raw-sienna-english-red/,https://colorcombinations.org/og/wada-131-raw-sienna-english-red.svg
wada-132-sulpher-yellow-golden-yellow,Sulpher Yellow & Golden Yellow +1,,"Plate 132 from Sanzo Wada's 1933 Dictionary of Color Combinations - Sulpher Yellow, Golden Yellow, Citrine.",yellow,refined|warm,showa,3,#f5ecc2,Sulpher Yellow,,#f3a257,Golden Yellow,,#b09f36,Citrine,,,,,https://colorcombinations.org/palettes/wada-132-sulpher-yellow-golden-yellow/,https://colorcombinations.org/api/palettes/wada-132-sulpher-yellow-golden-yellow.json,https://colorcombinations.org/embed/wada-132-sulpher-yellow-golden-yellow/,https://colorcombinations.org/og/wada-132-sulpher-yellow-golden-yellow.svg
wada-133-vandyke-red-citrine,Vandyke Red & Citrine +1,,"Plate 133 from Sanzo Wada's 1933 Dictionary of Color Combinations - Vandyke Red, Citrine, Sea Green.",red,refined|warm,showa,3,#82241f,Vandyke Red,,#b09f36,Citrine,,#00b49b,Sea Green,,,,,https://colorcombinations.org/palettes/wada-133-vandyke-red-citrine/,https://colorcombinations.org/api/palettes/wada-133-vandyke-red-citrine.json,https://colorcombinations.org/embed/wada-133-vandyke-red-citrine/,https://colorcombinations.org/og/wada-133-vandyke-red-citrine.svg
wada-134-eosine-pink-light-mauve,Eosine Pink & Light Mauve +1,,"Plate 134 from Sanzo Wada's 1933 Dictionary of Color Combinations - Eosine Pink, Light Mauve, Red Violet.",red,refined|warm,showa,3,#f37f94,Eosine Pink,,#9a72aa,Light Mauve,,#59256a,Red Violet,,,,,https://colorcombinations.org/palettes/wada-134-eosine-pink-light-mauve/,https://colorcombinations.org/api/palettes/wada-134-eosine-pink-light-mauve.json,https://colorcombinations.org/embed/wada-134-eosine-pink-light-mauve/,https://colorcombinations.org/og/wada-134-eosine-pink-light-mauve.svg
wada-135-sulpher-yellow-cossack-green,Sulpher Yellow & Cossack Green +1,,"Plate 135 from Sanzo Wada's 1933 Dictionary of Color Combinations - Sulpher Yellow, Cossack Green, Salvia Blue.",yellow,refined|cool,showa,3,#f5ecc2,Sulpher Yellow,,#437742,Cossack Green,,#97acc8,Salvia Blue,,,,,https://colorcombinations.org/palettes/wada-135-sulpher-yellow-cossack-green/,https://colorcombinations.org/api/palettes/wada-135-sulpher-yellow-cossack-green.json,https://colorcombinations.org/embed/wada-135-sulpher-yellow-cossack-green/,https://colorcombinations.org/og/wada-135-sulpher-yellow-cossack-green.svg
wada-136-scarlet-dull-viridian-green,Scarlet & Dull Viridian Green +1,,"Plate 136 from Sanzo Wada's 1933 Dictionary of Color Combinations - Scarlet, Dull Viridian Green, Red Violet.",red,refined|warm,showa,3,#cb2f43,Scarlet,,#009465,Dull Viridian Green,,#59256a,Red Violet,,,,,https://colorcombinations.org/palettes/wada-136-scarlet-dull-viridian-green/,https://colorcombinations.org/api/palettes/wada-136-scarlet-dull-viridian-green.json,https://colorcombinations.org/embed/wada-136-scarlet-dull-viridian-green/,https://colorcombinations.org/og/wada-136-scarlet-dull-viridian-green.svg
wada-137-etruscan-red-cinnamon-buff,Etruscan Red & Cinnamon Buff +1,,"Plate 137 from Sanzo Wada's 1933 Dictionary of Color Combinations - Etruscan Red, Cinnamon Buff, Pistachio Green.",red,refined|warm,showa,3,#c55347,Etruscan Red,,#fdc57e,Cinnamon Buff,,#648f7b,Pistachio Green,,,,,https://colorcombinations.org/palettes/wada-137-etruscan-red-cinnamon-buff/,https://colorcombinations.org/api/palettes/wada-137-etruscan-red-cinnamon-buff.json,https://colorcombinations.org/embed/wada-137-etruscan-red-cinnamon-buff/,https://colorcombinations.org/og/wada-137-etruscan-red-cinnamon-buff.svg
wada-138-golden-yellow-lemon-yellow,Golden Yellow & Lemon Yellow +1,,"Plate 138 from Sanzo Wada's 1933 Dictionary of Color Combinations - Golden Yellow, Lemon Yellow, Venice Green.",orange,refined|warm,showa,3,#f3a257,Golden Yellow,,#f8ed43,Lemon Yellow,,#62c6bf,Venice Green,,,,,https://colorcombinations.org/palettes/wada-138-golden-yellow-lemon-yellow/,https://colorcombinations.org/api/palettes/wada-138-golden-yellow-lemon-yellow.json,https://colorcombinations.org/embed/wada-138-golden-yellow-lemon-yellow/,https://colorcombinations.org/og/wada-138-golden-yellow-lemon-yellow.svg
wada-139-salvia-blue-deep-indigo,Salvia Blue & Deep Indigo +1,,"Plate 139 from Sanzo Wada's 1933 Dictionary of Color Combinations - Salvia Blue, Deep Indigo, Neutral Gray.",blue,refined|cool,showa,3,#97acc8,Salvia Blue,,#051230,Deep Indigo,,#b6bfc1,Neutral Gray,,,,,https://colorcombinations.org/palettes/wada-139-salvia-blue-deep-indigo/,https://colorcombinations.org/api/palettes/wada-139-salvia-blue-deep-indigo.json,https://colorcombinations.org/embed/wada-139-salvia-blue-deep-indigo/,https://colorcombinations.org/og/wada-139-salvia-blue-deep-indigo.svg
wada-140-golden-yellow-antwarp-blue,Golden Yellow & Antwarp Blue +1,,"Plate 140 from Sanzo Wada's 1933 Dictionary of Color Combinations - Golden Yellow, Antwarp Blue, Slate Color.",orange,refined|warm,showa,3,#f3a257,Golden Yellow,,#007190,Antwarp Blue,,#34454c,Slate Color,,,,,https://colorcombinations.org/palettes/wada-140-golden-yellow-antwarp-blue/,https://colorcombinations.org/api/palettes/wada-140-golden-yellow-antwarp-blue.json,https://colorcombinations.org/embed/wada-140-golden-yellow-antwarp-blue/,https://colorcombinations.org/og/wada-140-golden-yellow-antwarp-blue.svg
wada-141-orange-yellow-green,Orange & Yellow Green +1,,"Plate 141 from Sanzo Wada's 1933 Dictionary of Color Combinations - Orange, Yellow Green, Dark Tyrian Blue.",orange,refined|warm,showa,3,#f37420,Orange,,#afd472,Yellow Green,,#12354e,Dark Tyrian Blue,,,,,https://colorcombinations.org/palettes/wada-141-orange-yellow-green/,https://colorcombinations.org/api/palettes/wada-141-orange-yellow-green.json,https://colorcombinations.org/embed/wada-141-orange-yellow-green/,https://colorcombinations.org/og/wada-141-orange-yellow-green.svg
wada-142-hydrangea-red-sulphine-yellow,Hydrangea Red & Sulphine Yellow +1,,"Plate 142 from Sanzo Wada's 1933 Dictionary of Color Combinations - Hydrangea Red, Sulphine Yellow, Salvia Blue.",red,refined|warm,showa,3,#a94151,Hydrangea Red,,#c19f2c,Sulphine Yellow,,#97acc8,Salvia Blue,,,,,https://colorcombinations.org/palettes/wada-142-hydrangea-red-sulphine-yellow/,https://colorcombinations.org/api/palettes/wada-142-hydrangea-red-sulphine-yellow.json,https://colorcombinations.org/embed/wada-142-hydrangea-red-sulphine-yellow/,https://colorcombinations.org/og/wada-142-hydrangea-red-sulphine-yellow.svg
wada-143-blue-lilac,Blue & Lilac +1,,"Plate 143 from Sanzo Wada's 1933 Dictionary of Color Combinations - Blue, Lilac, Warm Gray.",blue,refined|cool,showa,3,#006eb8,Blue,,#b984af,Lilac,,#a1a39a,Warm Gray,,,,,https://colorcombinations.org/palettes/wada-143-blue-lilac/,https://colorcombinations.org/api/palettes/wada-143-blue-lilac.json,https://colorcombinations.org/embed/wada-143-blue-lilac/,https://colorcombinations.org/og/wada-143-blue-lilac.svg
wada-144-rosolanc-purple-orange,Rosolanc Purple & Orange +1,,"Plate 144 from Sanzo Wada's 1933 Dictionary of Color Combinations - Rosolanc Purple, Orange, Black.",pink,refined|warm,showa,3,#b73f74,Rosolanc Purple,,#f37420,Orange,,#111314,Black,,,,,https://colorcombinations.org/palettes/wada-144-rosolanc-purple-orange/,https://colorcombinations.org/api/palettes/wada-144-rosolanc-purple-orange.json,https://colorcombinations.org/embed/wada-144-rosolanc-purple-orange/,https://colorcombinations.org/og/wada-144-rosolanc-purple-orange.svg
wada-145-brown-citron-yellow,Brown & Citron Yellow +1,,"Plate 145 from Sanzo Wada's 1933 Dictionary of Color Combinations - Brown, Citron Yellow, Dull Violet Black.",orange,solemn|warm,showa,3,#7c4226,Brown,,#b2b73e,Citron Yellow,,#1e0e3f,Dull Violet Black,,,,,https://colorcombinations.org/palettes/wada-145-brown-citron-yellow/,https://colorcombinations.org/api/palettes/wada-145-brown-citron-yellow.json,https://colorcombinations.org/embed/wada-145-brown-citron-yellow/,https://colorcombinations.org/og/wada-145-brown-citron-yellow.svg
wada-146-khaki-deep-grayish-olive,Khaki & Deep Grayish Olive +1,,"Plate 146 from Sanzo Wada's 1933 Dictionary of Color Combinations - Khaki, Deep Grayish Olive, Diamine Green.",yellow,solemn|cool,showa,3,#bc892b,Khaki,,#635a3a,Deep Grayish Olive,,#1a7444,Diamine Green,,,,,https://colorcombinations.org/palettes/wada-146-khaki-deep-grayish-olive/,https://colorcombinations.org/api/palettes/wada-146-khaki-deep-grayish-olive.json,https://colorcombinations.org/embed/wada-146-khaki-deep-grayish-olive/,https://colorcombinations.org/og/wada-146-khaki-deep-grayish-olive.svg
wada-147-spinel-red-vandyke-red,Spinel Red & Vandyke Red +1,,"Plate 147 from Sanzo Wada's 1933 Dictionary of Color Combinations - Spinel Red, Vandyke Red, Turquoise Green.",red,refined|warm,showa,3,#f27291,Spinel Red,,#82241f,Vandyke Red,,#b5decc,Turquoise Green,,,,,https://colorcombinations.org/palettes/wada-147-spinel-red-vandyke-red/,https://colorcombinations.org/api/palettes/wada-147-spinel-red-vandyke-red.json,https://colorcombinations.org/embed/wada-147-spinel-red-vandyke-red/,https://colorcombinations.org/og/wada-147-spinel-red-vandyke-red.svg
wada-148-olive-ocher-orange-yellow,Olive Ocher & Orange Yellow +1,,"Plate 148 from Sanzo Wada's 1933 Dictionary of Color Combinations - Olive Ocher, Orange Yellow, Cerulian Blue.",yellow,refined|cool,showa,3,#d6b43e,Olive Ocher,,#fcb315,Orange Yellow,,#0093a5,Cerulian Blue,,,,,https://colorcombinations.org/palettes/wada-148-olive-ocher-orange-yellow/,https://colorcombinations.org/api/palettes/wada-148-olive-ocher-orange-yellow.json,https://colorcombinations.org/embed/wada-148-olive-ocher-orange-yellow/,https://colorcombinations.org/og/wada-148-olive-ocher-orange-yellow.svg
wada-149-olive-ocher-orange,Olive Ocher & Orange +1,,"Plate 149 from Sanzo Wada's 1933 Dictionary of Color Combinations - Olive Ocher, Orange, Deep Slate Green.",yellow,refined|warm,showa,3,#d6b43e,Olive Ocher,,#f37420,Orange,,#112f2c,Deep Slate Green,,,,,https://colorcombinations.org/palettes/wada-149-olive-ocher-orange/,https://colorcombinations.org/api/palettes/wada-149-olive-ocher-orange.json,https://colorcombinations.org/embed/wada-149-olive-ocher-orange/,https://colorcombinations.org/og/wada-149-olive-ocher-orange.svg
wada-150-seashell-pink-citron-yellow,Seashell Pink & Citron Yellow +1,,"Plate 150 from Sanzo Wada's 1933 Dictionary of Color Combinations - Seashell Pink, Citron Yellow, Glaucous Green.",orange,serene|warm,showa,3,#fdd4bd,Seashell Pink,,#b2b73e,Citron Yellow,,#b4cdc2,Glaucous Green,,,,,https://colorcombinations.org/palettes/wada-150-seashell-pink-citron-yellow/,https://colorcombinations.org/api/palettes/wada-150-seashell-pink-citron-yellow.json,https://colorcombinations.org/embed/wada-150-seashell-pink-citron-yellow/,https://colorcombinations.org/og/wada-150-seashell-pink-citron-yellow.svg
wada-151-sulpher-yellow-yellow-orange,Sulpher Yellow & Yellow Orange +1,,"Plate 151 from Sanzo Wada's 1933 Dictionary of Color Combinations - Sulpher Yellow, Yellow Orange, Vandar Poel's Blue.",yellow,refined|cool,showa,3,#f5ecc2,Sulpher Yellow,,#f99d1b,Yellow Orange,,#064f6e,Vandar Poel's Blue,,,,,https://colorcombinations.org/palettes/wada-151-sulpher-yellow-yellow-orange/,https://colorcombinations.org/api/palettes/wada-151-sulpher-yellow-yellow-orange.json,https://colorcombinations.org/embed/wada-151-sulpher-yellow-yellow-orange/,https://colorcombinations.org/og/wada-151-sulpher-yellow-yellow-orange.svg
wada-152-etruscan-red-hay-s-russet,Etruscan Red & Hay's Russet +1,,"Plate 152 from Sanzo Wada's 1933 Dictionary of Color Combinations - Etruscan Red, Hay's Russet, Light Glaucous Blue.",red,refined|warm,showa,3,#c55347,Etruscan Red,,#793327,Hay's Russet,,#a5c8d1,Light Glaucous Blue,,,,,https://colorcombinations.org/palettes/wada-152-etruscan-red-hay-s-russet/,https://colorcombinations.org/api/palettes/wada-152-etruscan-red-hay-s-russet.json,https://colorcombinations.org/embed/wada-152-etruscan-red-hay-s-russet/,https://colorcombinations.org/og/wada-152-etruscan-red-hay-s-russet.svg
wada-153-eosine-pink-orange-yellow,Eosine Pink & Orange Yellow +1,,"Plate 153 from Sanzo Wada's 1933 Dictionary of Color Combinations - Eosine Pink, Orange Yellow, Citron Yellow.",red,refined|warm,showa,3,#f37f94,Eosine Pink,,#fcb315,Orange Yellow,,#b2b73e,Citron Yellow,,,,,https://colorcombinations.org/palettes/wada-153-eosine-pink-orange-yellow/,https://colorcombinations.org/api/palettes/wada-153-eosine-pink-orange-yellow.json,https://colorcombinations.org/embed/wada-153-eosine-pink-orange-yellow/,https://colorcombinations.org/og/wada-153-eosine-pink-orange-yellow.svg
wada-154-carmine-yellow,Carmine & Yellow +1,,"Plate 154 from Sanzo Wada's 1933 Dictionary of Color Combinations - Carmine, Yellow, Blue.",red,refined|warm,showa,3,#cc1236,Carmine,,#fff200,Yellow,,#006eb8,Blue,,,,,https://colorcombinations.org/palettes/wada-154-carmine-yellow/,https://colorcombinations.org/api/palettes/wada-154-carmine-yellow.json,https://colorcombinations.org/embed/wada-154-carmine-yellow/,https://colorcombinations.org/og/wada-154-carmine-yellow.svg
wada-155-jasper-red-benzol-green,Jasper Red & Benzol Green +1,,"Plate 155 from Sanzo Wada's 1933 Dictionary of Color Combinations - Jasper Red, Benzol Green, Deep Indigo.",red,solemn|warm,showa,3,#eb5324,Jasper Red,,#00978d,Benzol Green,,#051230,Deep Indigo,,,,,https://colorcombinations.org/palettes/wada-155-jasper-red-benzol-green/,https://colorcombinations.org/api/palettes/wada-155-jasper-red-benzol-green.json,https://colorcombinations.org/embed/wada-155-jasper-red-benzol-green/,https://colorcombinations.org/og/wada-155-jasper-red-benzol-green.svg
wada-156-olive-ocher-cobalt-green,Olive Ocher & Cobalt Green +1,,"Plate 156 from Sanzo Wada's 1933 Dictionary of Color Combinations - Olive Ocher, Cobalt Green, Violet.",yellow,refined|cool,showa,3,#d6b43e,Olive Ocher,,#96d1aa,Cobalt Green,,#4f4086,Violet,,,,,https://colorcombinations.org/palettes/wada-156-olive-ocher-cobalt-green/,https://colorcombinations.org/api/palettes/wada-156-olive-ocher-cobalt-green.json,https://colorcombinations.org/embed/wada-156-olive-ocher-cobalt-green/,https://colorcombinations.org/og/wada-156-olive-ocher-cobalt-green.svg
wada-157-pansy-purple-olive-ocher,Pansy Purple & Olive Ocher +1,,"Plate 157 from Sanzo Wada's 1933 Dictionary of Color Combinations - Pansy Purple, Olive Ocher, Olympic Blue.",red,refined|warm,showa,3,#7d133a,Pansy Purple,,#d6b43e,Olive Ocher,,#5a82b3,Olympic Blue,,,,,https://colorcombinations.org/palettes/wada-157-pansy-purple-olive-ocher/,https://colorcombinations.org/api/palettes/wada-157-pansy-purple-olive-ocher.json,https://colorcombinations.org/embed/wada-157-pansy-purple-olive-ocher/,https://colorcombinations.org/og/wada-157-pansy-purple-olive-ocher.svg
wada-158-lemon-yellow-cinnamon-rufous,Lemon Yellow & Cinnamon Rufous +1,,"Plate 158 from Sanzo Wada's 1933 Dictionary of Color Combinations - Lemon Yellow, Cinnamon Rufous, Night Green.",yellow,refined|warm,showa,3,#f8ed43,Lemon Yellow,,#c27544,Cinnamon Rufous,,#87c540,Night Green,,,,,https://colorcombinations.org/palettes/wada-158-lemon-yellow-cinnamon-rufous/,https://colorcombinations.org/api/palettes/wada-158-lemon-yellow-cinnamon-rufous.json,https://colorcombinations.org/embed/wada-158-lemon-yellow-cinnamon-rufous/,https://colorcombinations.org/og/wada-158-lemon-yellow-cinnamon-rufous.svg
wada-159-khaki-calamine-blue,Khaki & Calamine BLue +1,,"Plate 159 from Sanzo Wada's 1933 Dictionary of Color Combinations - Khaki, Calamine BLue, Grayish Lavender - A.",yellow,refined|cool,showa,3,#bc892b,Khaki,,#78cdd0,Calamine BLue,,#b5b1d8,Grayish Lavender - A,,,,,https://colorcombinations.org/palettes/wada-159-khaki-calamine-blue/,https://colorcombinations.org/api/palettes/wada-159-khaki-calamine-blue.json,https://colorcombinations.org/embed/wada-159-khaki-calamine-blue/,https://colorcombinations.org/og/wada-159-khaki-calamine-blue.svg
wada-160-sulphine-yellow-pale-raw-umber,Sulphine Yellow & Pale Raw Umber +1,,"Plate 160 from Sanzo Wada's 1933 Dictionary of Color Combinations - Sulphine Yellow, Pale Raw Umber, Dark Medici Blue.",yellow,refined|warm,showa,3,#c19f2c,Sulphine Yellow,,#71502f,Pale Raw Umber,,#547076,Dark Medici Blue,,,,,https://colorcombinations.org/palettes/wada-160-sulphine-yellow-pale-raw-umber/,https://colorcombinations.org/api/palettes/wada-160-sulphine-yellow-pale-raw-umber.json,https://colorcombinations.org/embed/wada-160-sulphine-yellow-pale-raw-umber/,https://colorcombinations.org/og/wada-160-sulphine-yellow-pale-raw-umber.svg
wada-161-brown-pinkish-cinnamon,Brown & Pinkish Cinnamon +1,,"Plate 161 from Sanzo Wada's 1933 Dictionary of Color Combinations - Brown, Pinkish Cinnamon, Helvetia Blue.",orange,refined|warm,showa,3,#7c4226,Brown,,#eeb480,Pinkish Cinnamon,,#005b8d,Helvetia Blue,,,,,https://colorcombinations.org/palettes/wada-161-brown-pinkish-cinnamon/,https://colorcombinations.org/api/palettes/wada-161-brown-pinkish-cinnamon.json,https://colorcombinations.org/embed/wada-161-brown-pinkish-cinnamon/,https://colorcombinations.org/og/wada-161-brown-pinkish-cinnamon.svg
wada-162-old-rose-rainette-green,Old Rose & Rainette Green +1,,"Plate 162 from Sanzo Wada's 1933 Dictionary of Color Combinations - Old Rose, Rainette Green, Lilac.",red,refined|warm,showa,3,#d46d7a,Old Rose,,#8fa071,Rainette Green,,#b984af,Lilac,,,,,https://colorcombinations.org/palettes/wada-162-old-rose-rainette-green/,https://colorcombinations.org/api/palettes/wada-162-old-rose-rainette-green.json,https://colorcombinations.org/embed/wada-162-old-rose-rainette-green/,https://colorcombinations.org/og/wada-162-old-rose-rainette-green.svg
wada-163-apricot-yellow-turquoise-green,Apricot Yellow & Turquoise Green +1,,"Plate 163 from Sanzo Wada's 1933 Dictionary of Color Combinations - Apricot Yellow, Turquoise Green, Antwarp Blue.",yellow,refined|cool,showa,3,#ffdd00,Apricot Yellow,,#b5decc,Turquoise Green,,#007190,Antwarp Blue,,,,,https://colorcombinations.org/palettes/wada-163-apricot-yellow-turquoise-green/,https://colorcombinations.org/api/palettes/wada-163-apricot-yellow-turquoise-green.json,https://colorcombinations.org/embed/wada-163-apricot-yellow-turquoise-green/,https://colorcombinations.org/og/wada-163-apricot-yellow-turquoise-green.svg
wada-164-red-orange-orange-yellow,Red Orange & Orange Yellow +1,,"Plate 164 from Sanzo Wada's 1933 Dictionary of Color Combinations - Red Orange, Orange Yellow, Violet.",red,refined|warm,showa,3,#dd4027,Red Orange,,#fcb315,Orange Yellow,,#4f4086,Violet,,,,,https://colorcombinations.org/palettes/wada-164-red-orange-orange-yellow/,https://colorcombinations.org/api/palettes/wada-164-red-orange-orange-yellow.json,https://colorcombinations.org/embed/wada-164-red-orange-orange-yellow/,https://colorcombinations.org/og/wada-164-red-orange-orange-yellow.svg
wada-165-cameo-pink-spinel-red,Cameo Pink & Spinel Red +1,,"Plate 165 from Sanzo Wada's 1933 Dictionary of Color Combinations - Cameo Pink, Spinel Red, Vistoris Lake.",red,refined|warm,showa,3,#e0b3b6,Cameo Pink,,#f27291,Spinel Red,,#6d4145,Vistoris Lake,,,,,https://colorcombinations.org/palettes/wada-165-cameo-pink-spinel-red/,https://colorcombinations.org/api/palettes/wada-165-cameo-pink-spinel-red.json,https://colorcombinations.org/embed/wada-165-cameo-pink-spinel-red/,https://colorcombinations.org/og/wada-165-cameo-pink-spinel-red.svg
wada-166-grenadine-pink-naples-yellow,Grenadine Pink & Naples Yellow +1,,"Plate 166 from Sanzo Wada's 1933 Dictionary of Color Combinations - Grenadine Pink, Naples Yellow, Deep Slate Green.",red,refined|warm,showa,3,#f48067,Grenadine Pink,,#fbe6a0,Naples Yellow,,#112f2c,Deep Slate Green,,,,,https://colorcombinations.org/palettes/wada-166-grenadine-pink-naples-yellow/,https://colorcombinations.org/api/palettes/wada-166-grenadine-pink-naples-yellow.json,https://colorcombinations.org/embed/wada-166-grenadine-pink-naples-yellow/,https://colorcombinations.org/og/wada-166-grenadine-pink-naples-yellow.svg
wada-167-ecru-pale-king-s-blue,Ecru & Pale King's Blue +1,,"Plate 167 from Sanzo Wada's 1933 Dictionary of Color Combinations - Ecru, Pale King's Blue, Vandar Poel's Blue.",orange,refined|warm,showa,3,#c2ae93,Ecru,,#a7d4e4,Pale King's Blue,,#064f6e,Vandar Poel's Blue,,,,,https://colorcombinations.org/palettes/wada-167-ecru-pale-king-s-blue/,https://colorcombinations.org/api/palettes/wada-167-ecru-pale-king-s-blue.json,https://colorcombinations.org/embed/wada-167-ecru-pale-king-s-blue/,https://colorcombinations.org/og/wada-167-ecru-pale-king-s-blue.svg
wada-168-lemon-yellow-vandar-poel-s-blue,Lemon Yellow & Vandar Poel's Blue +1,,"Plate 168 from Sanzo Wada's 1933 Dictionary of Color Combinations - Lemon Yellow, Vandar Poel's Blue, Veronia Purple.",yellow,refined|warm,showa,3,#f8ed43,Lemon Yellow,,#064f6e,Vandar Poel's Blue,,#8c4c62,Veronia Purple,,,,,https://colorcombinations.org/palettes/wada-168-lemon-yellow-vandar-poel-s-blue/,https://colorcombinations.org/api/palettes/wada-168-lemon-yellow-vandar-poel-s-blue.json,https://colorcombinations.org/embed/wada-168-lemon-yellow-vandar-poel-s-blue/,https://colorcombinations.org/og/wada-168-lemon-yellow-vandar-poel-s-blue.svg
wada-169-corinthian-pink-pale-lemon-yellow,Corinthian Pink & Pale Lemon Yellow +1,,"Plate 169 from Sanzo Wada's 1933 Dictionary of Color Combinations - Corinthian Pink, Pale Lemon Yellow, Warm Gray.",red,serene|warm,showa,3,#f8b6ba,Corinthian Pink,,#ffefae,Pale Lemon Yellow,,#a1a39a,Warm Gray,,,,,https://colorcombinations.org/palettes/wada-169-corinthian-pink-pale-lemon-yellow/,https://colorcombinations.org/api/palettes/wada-169-corinthian-pink-pale-lemon-yellow.json,https://colorcombinations.org/embed/wada-169-corinthian-pink-pale-lemon-yellow/,https://colorcombinations.org/og/wada-169-corinthian-pink-pale-lemon-yellow.svg
wada-170-rosolanc-purple-orange-yellow,Rosolanc Purple & Orange Yellow +1,,"Plate 170 from Sanzo Wada's 1933 Dictionary of Color Combinations - Rosolanc Purple, Orange Yellow, Red Violet.",pink,refined,showa,3,#b73f74,Rosolanc Purple,,#fcb315,Orange Yellow,,#59256a,Red Violet,,,,,https://colorcombinations.org/palettes/wada-170-rosolanc-purple-orange-yellow/,https://colorcombinations.org/api/palettes/wada-170-rosolanc-purple-orange-yellow.json,https://colorcombinations.org/embed/wada-170-rosolanc-purple-orange-yellow/,https://colorcombinations.org/og/wada-170-rosolanc-purple-orange-yellow.svg
wada-171-pale-burnt-lake-yellow-orange,Pale Burnt Lake & Yellow Orange +1,,"Plate 171 from Sanzo Wada's 1933 Dictionary of Color Combinations - Pale Burnt Lake, Yellow Orange, Glaucous Green.",red,refined|warm,showa,3,#802626,Pale Burnt Lake,,#f99d1b,Yellow Orange,,#b4cdc2,Glaucous Green,,,,,https://colorcombinations.org/palettes/wada-171-pale-burnt-lake-yellow-orange/,https://colorcombinations.org/api/palettes/wada-171-pale-burnt-lake-yellow-orange.json,https://colorcombinations.org/embed/wada-171-pale-burnt-lake-yellow-orange/,https://colorcombinations.org/og/wada-171-pale-burnt-lake-yellow-orange.svg
wada-172-cinnamon-rufous-antwarp-blue,Cinnamon Rufous & Antwarp Blue +1,,"Plate 172 from Sanzo Wada's 1933 Dictionary of Color Combinations - Cinnamon Rufous, Antwarp Blue, Red Violet.",orange,refined|warm,showa,3,#c27544,Cinnamon Rufous,,#007190,Antwarp Blue,,#59256a,Red Violet,,,,,https://colorcombinations.org/palettes/wada-172-cinnamon-rufous-antwarp-blue/,https://colorcombinations.org/api/palettes/wada-172-cinnamon-rufous-antwarp-blue.json,https://colorcombinations.org/embed/wada-172-cinnamon-rufous-antwarp-blue/,https://colorcombinations.org/og/wada-172-cinnamon-rufous-antwarp-blue.svg
wada-173-lemon-yellow-madder-brown,Lemon Yellow & Madder Brown +1,,"Plate 173 from Sanzo Wada's 1933 Dictionary of Color Combinations - Lemon Yellow, Madder Brown, Turquoise Green.",yellow,refined|warm,showa,3,#f8ed43,Lemon Yellow,,#762c19,Madder Brown,,#b5decc,Turquoise Green,,,,,https://colorcombinations.org/palettes/wada-173-lemon-yellow-madder-brown/,https://colorcombinations.org/api/palettes/wada-173-lemon-yellow-madder-brown.json,https://colorcombinations.org/embed/wada-173-lemon-yellow-madder-brown/,https://colorcombinations.org/og/wada-173-lemon-yellow-madder-brown.svg
wada-174-corinthian-pink-grayish-lavender-b,Corinthian Pink & Grayish Lavender - B +1,,"Plate 174 from Sanzo Wada's 1933 Dictionary of Color Combinations - Corinthian Pink, Grayish Lavender - B, Taupe Brown.",red,refined|warm,showa,3,#f8b6ba,Corinthian Pink,,#c0a9b3,Grayish Lavender - B,,#7a4456,Taupe Brown,,,,,https://colorcombinations.org/palettes/wada-174-corinthian-pink-grayish-lavender-b/,https://colorcombinations.org/api/palettes/wada-174-corinthian-pink-grayish-lavender-b.json,https://colorcombinations.org/embed/wada-174-corinthian-pink-grayish-lavender-b/,https://colorcombinations.org/og/wada-174-corinthian-pink-grayish-lavender-b.svg
wada-175-pinkish-cinnamon-olive-buff,Pinkish Cinnamon & Olive Buff +1,,"Plate 175 from Sanzo Wada's 1933 Dictionary of Color Combinations - Pinkish Cinnamon, Olive Buff, Blue Violet.",orange,refined|warm,showa,3,#eeb480,Pinkish Cinnamon,,#c1c494,Olive Buff,,#6450a1,Blue Violet,,,,,https://colorcombinations.org/palettes/wada-175-pinkish-cinnamon-olive-buff/,https://colorcombinations.org/api/palettes/wada-175-pinkish-cinnamon-olive-buff.json,https://colorcombinations.org/embed/wada-175-pinkish-cinnamon-olive-buff/,https://colorcombinations.org/og/wada-175-pinkish-cinnamon-olive-buff.svg
wada-176-hermosa-pink-seashell-pink,Hermosa Pink & Seashell Pink +1,,"Plate 176 from Sanzo Wada's 1933 Dictionary of Color Combinations - Hermosa Pink, Seashell Pink, Calamine BLue.",red,serene|warm,showa,3,#f9c1ce,Hermosa Pink,,#fdd4bd,Seashell Pink,,#78cdd0,Calamine BLue,,,,,https://colorcombinations.org/palettes/wada-176-hermosa-pink-seashell-pink/,https://colorcombinations.org/api/palettes/wada-176-hermosa-pink-seashell-pink.json,https://colorcombinations.org/embed/wada-176-hermosa-pink-seashell-pink/,https://colorcombinations.org/og/wada-176-hermosa-pink-seashell-pink.svg
wada-177-pale-burnt-lake-buffy-citrine,Pale Burnt Lake & Buffy Citrine +1,,"Plate 177 from Sanzo Wada's 1933 Dictionary of Color Combinations - Pale Burnt Lake, Buffy Citrine, Grayish Lavender - A.",red,refined|warm,showa,3,#802626,Pale Burnt Lake,,#96874d,Buffy Citrine,,#b5b1d8,Grayish Lavender - A,,,,,https://colorcombinations.org/palettes/wada-177-pale-burnt-lake-buffy-citrine/,https://colorcombinations.org/api/palettes/wada-177-pale-burnt-lake-buffy-citrine.json,https://colorcombinations.org/embed/wada-177-pale-burnt-lake-buffy-citrine/,https://colorcombinations.org/og/wada-177-pale-burnt-lake-buffy-citrine.svg
wada-178-ivory-buff-light-glaucous-blue,Ivory Buff & Light Glaucous Blue +1,,"Plate 178 from Sanzo Wada's 1933 Dictionary of Color Combinations - Ivory Buff, Light Glaucous Blue, Green Blue.",yellow,refined|cool,showa,3,#ebd3a2,Ivory Buff,,#a5c8d1,Light Glaucous Blue,,#099197,Green Blue,,,,,https://colorcombinations.org/palettes/wada-178-ivory-buff-light-glaucous-blue/,https://colorcombinations.org/api/palettes/wada-178-ivory-buff-light-glaucous-blue.json,https://colorcombinations.org/embed/wada-178-ivory-buff-light-glaucous-blue/,https://colorcombinations.org/og/wada-178-ivory-buff-light-glaucous-blue.svg
wada-179-red-orange-golden-yellow,Red Orange & Golden Yellow +1,,"Plate 179 from Sanzo Wada's 1933 Dictionary of Color Combinations - Red Orange, Golden Yellow, Deep Lyons Blue.",red,refined|warm,showa,3,#dd4027,Red Orange,,#f3a257,Golden Yellow,,#1c4286,Deep Lyons Blue,,,,,https://colorcombinations.org/palettes/wada-179-red-orange-golden-yellow/,https://colorcombinations.org/api/palettes/wada-179-red-orange-golden-yellow.json,https://colorcombinations.org/embed/wada-179-red-orange-golden-yellow/,https://colorcombinations.org/og/wada-179-red-orange-golden-yellow.svg
wada-180-cinnamon-buff-light-mauve,Cinnamon Buff & Light Mauve +1,,"Plate 180 from Sanzo Wada's 1933 Dictionary of Color Combinations - Cinnamon Buff, Light Mauve, Neutral Gray.",orange,refined|warm,showa,3,#fdc57e,Cinnamon Buff,,#9a72aa,Light Mauve,,#b6bfc1,Neutral Gray,,,,,https://colorcombinations.org/palettes/wada-180-cinnamon-buff-light-mauve/,https://colorcombinations.org/api/palettes/wada-180-cinnamon-buff-light-mauve.json,https://colorcombinations.org/embed/wada-180-cinnamon-buff-light-mauve/,https://colorcombinations.org/og/wada-180-cinnamon-buff-light-mauve.svg
wada-181-carmine-red-violet,Carmine Red & Violet +1,,"Plate 181 from Sanzo Wada's 1933 Dictionary of Color Combinations - Carmine Red, Violet, Cotinga Purple.",red,solemn|warm,showa,3,#a62c37,Carmine Red,,#4f4086,Violet,,#501345,Cotinga Purple,,,,,https://colorcombinations.org/palettes/wada-181-carmine-red-violet/,https://colorcombinations.org/api/palettes/wada-181-carmine-red-violet.json,https://colorcombinations.org/embed/wada-181-carmine-red-violet/,https://colorcombinations.org/og/wada-181-carmine-red-violet.svg
wada-182-raw-sienna-vandyke-brown,Raw Sienna & Vandyke Brown +1,,"Plate 182 from Sanzo Wada's 1933 Dictionary of Color Combinations - Raw Sienna, Vandyke Brown, Deep Indigo.",orange,solemn|warm,showa,3,#bb7125,Raw Sienna,,#4b3317,Vandyke Brown,,#051230,Deep Indigo,,,,,https://colorcombinations.org/palettes/wada-182-raw-sienna-vandyke-brown/,https://colorcombinations.org/api/palettes/wada-182-raw-sienna-vandyke-brown.json,https://colorcombinations.org/embed/wada-182-raw-sienna-vandyke-brown/,https://colorcombinations.org/og/wada-182-raw-sienna-vandyke-brown.svg
wada-183-deep-violet-plumbeous-veronia-purple,Deep Violet / Plumbeous & Veronia Purple +1,,"Plate 183 from Sanzo Wada's 1933 Dictionary of Color Combinations - Deep Violet / Plumbeous, Veronia Purple, Red Violet.",neutral,refined|warm,showa,3,#70727c,Deep Violet / Plumbeous,,#8c4c62,Veronia Purple,,#59256a,Red Violet,,,,,https://colorcombinations.org/palettes/wada-183-deep-violet-plumbeous-veronia-purple/,https://colorcombinations.org/api/palettes/wada-183-deep-violet-plumbeous-veronia-purple.json,https://colorcombinations.org/embed/wada-183-deep-violet-plumbeous-veronia-purple/,https://colorcombinations.org/og/wada-183-deep-violet-plumbeous-veronia-purple.svg
wada-184-spinel-red-ivory-buff,Spinel Red & Ivory Buff +1,,"Plate 184 from Sanzo Wada's 1933 Dictionary of Color Combinations - Spinel Red, Ivory Buff, Light Grayish Olive.",red,refined|warm,showa,3,#f27291,Spinel Red,,#ebd3a2,Ivory Buff,,#848061,Light Grayish Olive,,,,,https://colorcombinations.org/palettes/wada-184-spinel-red-ivory-buff/,https://colorcombinations.org/api/palettes/wada-184-spinel-red-ivory-buff.json,https://colorcombinations.org/embed/wada-184-spinel-red-ivory-buff/,https://colorcombinations.org/og/wada-184-spinel-red-ivory-buff.svg
wada-185-light-brown-drab-etruscan-red,Light Brown Drab & Etruscan Red +1,,"Plate 185 from Sanzo Wada's 1933 Dictionary of Color Combinations - Light Brown Drab, Etruscan Red, Pale Lemon Yellow.",red,refined|warm,showa,3,#b59392,Light Brown Drab,,#c55347,Etruscan Red,,#ffefae,Pale Lemon Yellow,,,,,https://colorcombinations.org/palettes/wada-185-light-brown-drab-etruscan-red/,https://colorcombinations.org/api/palettes/wada-185-light-brown-drab-etruscan-red.json,https://colorcombinations.org/embed/wada-185-light-brown-drab-etruscan-red/,https://colorcombinations.org/og/wada-185-light-brown-drab-etruscan-red.svg
wada-186-hay-s-russet-ochraceous-salmon,Hay's Russet & Ochraceous Salmon +1,,"Plate 186 from Sanzo Wada's 1933 Dictionary of Color Combinations - Hay's Russet, Ochraceous Salmon, Blue.",red,refined|warm,showa,3,#793327,Hay's Russet,,#d8a37b,Ochraceous Salmon,,#006eb8,Blue,,,,,https://colorcombinations.org/palettes/wada-186-hay-s-russet-ochraceous-salmon/,https://colorcombinations.org/api/palettes/wada-186-hay-s-russet-ochraceous-salmon.json,https://colorcombinations.org/embed/wada-186-hay-s-russet-ochraceous-salmon/,https://colorcombinations.org/og/wada-186-hay-s-russet-ochraceous-salmon.svg
wada-187-helvetia-blue-grayish-lavender-b,Helvetia Blue & Grayish Lavender - B +1,,"Plate 187 from Sanzo Wada's 1933 Dictionary of Color Combinations - Helvetia Blue, Grayish Lavender - B, Aconite Violet.",blue,refined|cool,showa,3,#005b8d,Helvetia Blue,,#c0a9b3,Grayish Lavender - B,,#a36aa5,Aconite Violet,,,,,https://colorcombinations.org/palettes/wada-187-helvetia-blue-grayish-lavender-b/,https://colorcombinations.org/api/palettes/wada-187-helvetia-blue-grayish-lavender-b.json,https://colorcombinations.org/embed/wada-187-helvetia-blue-grayish-lavender-b/,https://colorcombinations.org/og/wada-187-helvetia-blue-grayish-lavender-b.svg
wada-188-rainette-green-salvia-blue,Rainette Green & Salvia Blue +1,,"Plate 188 from Sanzo Wada's 1933 Dictionary of Color Combinations - Rainette Green, Salvia Blue, Cobalt Green.",green,refined|cool,showa,3,#8fa071,Rainette Green,,#97acc8,Salvia Blue,,#96d1aa,Cobalt Green,,,,,https://colorcombinations.org/palettes/wada-188-rainette-green-salvia-blue/,https://colorcombinations.org/api/palettes/wada-188-rainette-green-salvia-blue.json,https://colorcombinations.org/embed/wada-188-rainette-green-salvia-blue/,https://colorcombinations.org/og/wada-188-rainette-green-salvia-blue.svg
wada-189-lemon-yellow-deep-slate-olive,Lemon Yellow & Deep Slate Olive +1,,"Plate 189 from Sanzo Wada's 1933 Dictionary of Color Combinations - Lemon Yellow, Deep Slate Olive, Venice Green.",yellow,refined|cool,showa,3,#f8ed43,Lemon Yellow,,#253122,Deep Slate Olive,,#62c6bf,Venice Green,,,,,https://colorcombinations.org/palettes/wada-189-lemon-yellow-deep-slate-olive/,https://colorcombinations.org/api/palettes/wada-189-lemon-yellow-deep-slate-olive.json,https://colorcombinations.org/embed/wada-189-lemon-yellow-deep-slate-olive/,https://colorcombinations.org/og/wada-189-lemon-yellow-deep-slate-olive.svg
wada-190-ivory-buff-english-red,Ivory Buff & English Red +1,,"Plate 190 from Sanzo Wada's 1933 Dictionary of Color Combinations - Ivory Buff, English Red, Black.",yellow,refined|warm,showa,3,#ebd3a2,Ivory Buff,,#d96629,English Red,,#111314,Black,,,,,https://colorcombinations.org/palettes/wada-190-ivory-buff-english-red/,https://colorcombinations.org/api/palettes/wada-190-ivory-buff-english-red.json,https://colorcombinations.org/embed/wada-190-ivory-buff-english-red/,https://colorcombinations.org/og/wada-190-ivory-buff-english-red.svg
wada-191-light-brown-drab-yellow-ocher,Light Brown Drab & Yellow Ocher +1,,"Plate 191 from Sanzo Wada's 1933 Dictionary of Color Combinations - Light Brown Drab, Yellow Ocher, Blue.",red,refined|warm,showa,3,#b59392,Light Brown Drab,,#e2b540,Yellow Ocher,,#006eb8,Blue,,,,,https://colorcombinations.org/palettes/wada-191-light-brown-drab-yellow-ocher/,https://colorcombinations.org/api/palettes/wada-191-light-brown-drab-yellow-ocher.json,https://colorcombinations.org/embed/wada-191-light-brown-drab-yellow-ocher/,https://colorcombinations.org/og/wada-191-light-brown-drab-yellow-ocher.svg
wada-192-cream-yellow-vandyke-brown,Cream Yellow & Vandyke Brown +1,,"Plate 192 from Sanzo Wada's 1933 Dictionary of Color Combinations - Cream Yellow, Vandyke Brown, Deep Violet / Plumbeous.",yellow,refined|warm,showa,3,#fdbf68,Cream Yellow,,#4b3317,Vandyke Brown,,#70727c,Deep Violet / Plumbeous,,,,,https://colorcombinations.org/palettes/wada-192-cream-yellow-vandyke-brown/,https://colorcombinations.org/api/palettes/wada-192-cream-yellow-vandyke-brown.json,https://colorcombinations.org/embed/wada-192-cream-yellow-vandyke-brown/,https://colorcombinations.org/og/wada-192-cream-yellow-vandyke-brown.svg
wada-193-grenadine-pink-naples-yellow,Grenadine Pink & Naples Yellow +1,,"Plate 193 from Sanzo Wada's 1933 Dictionary of Color Combinations - Grenadine Pink, Naples Yellow, Light Porcelain Green.",red,refined|warm,showa,3,#f48067,Grenadine Pink,,#fbe6a0,Naples Yellow,,#00908a,Light Porcelain Green,,,,,https://colorcombinations.org/palettes/wada-193-grenadine-pink-naples-yellow/,https://colorcombinations.org/api/palettes/wada-193-grenadine-pink-naples-yellow.json,https://colorcombinations.org/embed/wada-193-grenadine-pink-naples-yellow/,https://colorcombinations.org/og/wada-193-grenadine-pink-naples-yellow.svg
wada-194-jasper-red-seashell-pink,Jasper Red & Seashell Pink +1,,"Plate 194 from Sanzo Wada's 1933 Dictionary of Color Combinations - Jasper Red, Seashell Pink, Olympic Blue.",red,refined|warm,showa,3,#eb5324,Jasper Red,,#fdd4bd,Seashell Pink,,#5a82b3,Olympic Blue,,,,,https://colorcombinations.org/palettes/wada-194-jasper-red-seashell-pink/,https://colorcombinations.org/api/palettes/wada-194-jasper-red-seashell-pink.json,https://colorcombinations.org/embed/wada-194-jasper-red-seashell-pink/,https://colorcombinations.org/og/wada-194-jasper-red-seashell-pink.svg
wada-195-spinel-red-pale-lemon-yellow,Spinel Red & Pale Lemon Yellow +1,,"Plate 195 from Sanzo Wada's 1933 Dictionary of Color Combinations - Spinel Red, Pale Lemon Yellow, Neutral Gray.",red,serene|warm,showa,3,#f27291,Spinel Red,,#ffefae,Pale Lemon Yellow,,#b6bfc1,Neutral Gray,,,,,https://colorcombinations.org/palettes/wada-195-spinel-red-pale-lemon-yellow/,https://colorcombinations.org/api/palettes/wada-195-spinel-red-pale-lemon-yellow.json,https://colorcombinations.org/embed/wada-195-spinel-red-pale-lemon-yellow/,https://colorcombinations.org/og/wada-195-spinel-red-pale-lemon-yellow.svg
wada-196-citron-yellow-pale-king-s-blue,Citron Yellow & Pale King's Blue +1,,"Plate 196 from Sanzo Wada's 1933 Dictionary of Color Combinations - Citron Yellow, Pale King's Blue, Blue Violet.",yellow,refined|cool,showa,3,#b2b73e,Citron Yellow,,#a7d4e4,Pale King's Blue,,#6450a1,Blue Violet,,,,,https://colorcombinations.org/palettes/wada-196-citron-yellow-pale-king-s-blue/,https://colorcombinations.org/api/palettes/wada-196-citron-yellow-pale-king-s-blue.json,https://colorcombinations.org/embed/wada-196-citron-yellow-pale-king-s-blue/,https://colorcombinations.org/og/wada-196-citron-yellow-pale-king-s-blue.svg
wada-197-eosine-pink-dark-soft-violet,Eosine Pink & Dark Soft Violet +1,,"Plate 197 from Sanzo Wada's 1933 Dictionary of Color Combinations - Eosine Pink, Dark Soft Violet, Neutral Gray.",red,refined|warm,showa,3,#f37f94,Eosine Pink,,#66629c,Dark Soft Violet,,#b6bfc1,Neutral Gray,,,,,https://colorcombinations.org/palettes/wada-197-eosine-pink-dark-soft-violet/,https://colorcombinations.org/api/palettes/wada-197-eosine-pink-dark-soft-violet.json,https://colorcombinations.org/embed/wada-197-eosine-pink-dark-soft-violet/,https://colorcombinations.org/og/wada-197-eosine-pink-dark-soft-violet.svg
wada-198-burnt-sienna-apricot-yellow,Burnt Sienna & Apricot Yellow +1,,"Plate 198 from Sanzo Wada's 1933 Dictionary of Color Combinations - Burnt Sienna, Apricot Yellow, Green.",orange,refined|warm,showa,3,#ae5224,Burnt Sienna,,#ffdd00,Apricot Yellow,,#489b6e,Green,,,,,https://colorcombinations.org/palettes/wada-198-burnt-sienna-apricot-yellow/,https://colorcombinations.org/api/palettes/wada-198-burnt-sienna-apricot-yellow.json,https://colorcombinations.org/embed/wada-198-burnt-sienna-apricot-yellow/,https://colorcombinations.org/og/wada-198-burnt-sienna-apricot-yellow.svg
wada-199-ochre-red-light-brownish-olive,Ochre Red & Light Brownish Olive +1,,"Plate 199 from Sanzo Wada's 1933 Dictionary of Color Combinations - Ochre Red, Light Brownish Olive, Deep Lyons Blue.",red,refined|warm,showa,3,#ab544d,Ochre Red,,#806e4b,Light Brownish Olive,,#1c4286,Deep Lyons Blue,,,,,https://colorcombinations.org/palettes/wada-199-ochre-red-light-brownish-olive/,https://colorcombinations.org/api/palettes/wada-199-ochre-red-light-brownish-olive.json,https://colorcombinations.org/embed/wada-199-ochre-red-light-brownish-olive/,https://colorcombinations.org/og/wada-199-ochre-red-light-brownish-olive.svg
wada-200-carmine-red-olive-buff,Carmine Red & Olive Buff +1,,"Plate 200 from Sanzo Wada's 1933 Dictionary of Color Combinations - Carmine Red, Olive Buff, Chromium Green.",red,refined|warm,showa,3,#a62c37,Carmine Red,,#c1c494,Olive Buff,,#719470,Chromium Green,,,,,https://colorcombinations.org/palettes/wada-200-carmine-red-olive-buff/,https://colorcombinations.org/api/palettes/wada-200-carmine-red-olive-buff.json,https://colorcombinations.org/embed/wada-200-carmine-red-olive-buff/,https://colorcombinations.org/og/wada-200-carmine-red-olive-buff.svg
wada-201-grenadine-pink-olive,Grenadine Pink & Olive +1,,"Plate 201 from Sanzo Wada's 1933 Dictionary of Color Combinations - Grenadine Pink, Olive, Cobalt Green.",red,refined|warm,showa,3,#f48067,Grenadine Pink,,#837e31,Olive,,#96d1aa,Cobalt Green,,,,,https://colorcombinations.org/palettes/wada-201-grenadine-pink-olive/,https://colorcombinations.org/api/palettes/wada-201-grenadine-pink-olive.json,https://colorcombinations.org/embed/wada-201-grenadine-pink-olive/,https://colorcombinations.org/og/wada-201-grenadine-pink-olive.svg
wada-202-turquoise-green-cobalt-green,Turquoise Green & Cobalt Green +1,,"Plate 202 from Sanzo Wada's 1933 Dictionary of Color Combinations - Turquoise Green, Cobalt Green, Slate Color.",green,refined|cool,showa,3,#b5decc,Turquoise Green,,#96d1aa,Cobalt Green,,#34454c,Slate Color,,,,,https://colorcombinations.org/palettes/wada-202-turquoise-green-cobalt-green/,https://colorcombinations.org/api/palettes/wada-202-turquoise-green-cobalt-green.json,https://colorcombinations.org/embed/wada-202-turquoise-green-cobalt-green/,https://colorcombinations.org/og/wada-202-turquoise-green-cobalt-green.svg
wada-203-pale-lemon-yellow-vinaceous-cinnamon,Pale Lemon Yellow & Vinaceous Cinnamon +1,,"Plate 203 from Sanzo Wada's 1933 Dictionary of Color Combinations - Pale Lemon Yellow, Vinaceous Cinnamon, Lincoln Green.",yellow,refined|warm,showa,3,#ffefae,Pale Lemon Yellow,,#eea78c,Vinaceous Cinnamon,,#555832,Lincoln Green,,,,,https://colorcombinations.org/palettes/wada-203-pale-lemon-yellow-vinaceous-cinnamon/,https://colorcombinations.org/api/palettes/wada-203-pale-lemon-yellow-vinaceous-cinnamon.json,https://colorcombinations.org/embed/wada-203-pale-lemon-yellow-vinaceous-cinnamon/,https://colorcombinations.org/og/wada-203-pale-lemon-yellow-vinaceous-cinnamon.svg
wada-204-rosolanc-purple-cinnamon-rufous,Rosolanc Purple & Cinnamon Rufous +1,,"Plate 204 from Sanzo Wada's 1933 Dictionary of Color Combinations - Rosolanc Purple, Cinnamon Rufous, Light Glaucous Blue.",pink,refined|warm,showa,3,#b73f74,Rosolanc Purple,,#c27544,Cinnamon Rufous,,#a5c8d1,Light Glaucous Blue,,,,,https://colorcombinations.org/palettes/wada-204-rosolanc-purple-cinnamon-rufous/,https://colorcombinations.org/api/palettes/wada-204-rosolanc-purple-cinnamon-rufous.json,https://colorcombinations.org/embed/wada-204-rosolanc-purple-cinnamon-rufous/,https://colorcombinations.org/og/wada-204-rosolanc-purple-cinnamon-rufous.svg
wada-205-pale-burnt-lake-vinaceous-cinnamon,Pale Burnt Lake & Vinaceous Cinnamon +1,,"Plate 205 from Sanzo Wada's 1933 Dictionary of Color Combinations - Pale Burnt Lake, Vinaceous Cinnamon, Violet.",red,refined|warm,showa,3,#802626,Pale Burnt Lake,,#eea78c,Vinaceous Cinnamon,,#4f4086,Violet,,,,,https://colorcombinations.org/palettes/wada-205-pale-burnt-lake-vinaceous-cinnamon/,https://colorcombinations.org/api/palettes/wada-205-pale-burnt-lake-vinaceous-cinnamon.json,https://colorcombinations.org/embed/wada-205-pale-burnt-lake-vinaceous-cinnamon/,https://colorcombinations.org/og/wada-205-pale-burnt-lake-vinaceous-cinnamon.svg
wada-206-corinthian-pink-golden-yellow,Corinthian Pink & Golden Yellow +1,,"Plate 206 from Sanzo Wada's 1933 Dictionary of Color Combinations - Corinthian Pink, Golden Yellow, Cinnamon Rufous.",red,refined|warm,showa,3,#f8b6ba,Corinthian Pink,,#f3a257,Golden Yellow,,#c27544,Cinnamon Rufous,,,,,https://colorcombinations.org/palettes/wada-206-corinthian-pink-golden-yellow/,https://colorcombinations.org/api/palettes/wada-206-corinthian-pink-golden-yellow.json,https://colorcombinations.org/embed/wada-206-corinthian-pink-golden-yellow/,https://colorcombinations.org/og/wada-206-corinthian-pink-golden-yellow.svg
wada-207-sudan-brown-glaucous-green,Sudan Brown & Glaucous Green +1,,"Plate 207 from Sanzo Wada's 1933 Dictionary of Color Combinations - Sudan Brown, Glaucous Green, Black.",orange,refined|warm,showa,3,#a36752,Sudan Brown,,#b4cdc2,Glaucous Green,,#111314,Black,,,,,https://colorcombinations.org/palettes/wada-207-sudan-brown-glaucous-green/,https://colorcombinations.org/api/palettes/wada-207-sudan-brown-glaucous-green.json,https://colorcombinations.org/embed/wada-207-sudan-brown-glaucous-green/,https://colorcombinations.org/og/wada-207-sudan-brown-glaucous-green.svg
wada-208-sulpher-yellow-green-blue,Sulpher Yellow & Green Blue +1,,"Plate 208 from Sanzo Wada's 1933 Dictionary of Color Combinations - Sulpher Yellow, Green Blue, Antwarp Blue.",yellow,refined|cool,showa,3,#f5ecc2,Sulpher Yellow,,#099197,Green Blue,,#007190,Antwarp Blue,,,,,https://colorcombinations.org/palettes/wada-208-sulpher-yellow-green-blue/,https://colorcombinations.org/api/palettes/wada-208-sulpher-yellow-green-blue.json,https://colorcombinations.org/embed/wada-208-sulpher-yellow-green-blue/,https://colorcombinations.org/og/wada-208-sulpher-yellow-green-blue.svg
wada-209-ivory-buff-yellow-orange,Ivory Buff & Yellow Orange +1,,"Plate 209 from Sanzo Wada's 1933 Dictionary of Color Combinations - Ivory Buff, Yellow Orange, Salvia Blue.",yellow,refined|cool,showa,3,#ebd3a2,Ivory Buff,,#f99d1b,Yellow Orange,,#97acc8,Salvia Blue,,,,,https://colorcombinations.org/palettes/wada-209-ivory-buff-yellow-orange/,https://colorcombinations.org/api/palettes/wada-209-ivory-buff-yellow-orange.json,https://colorcombinations.org/embed/wada-209-ivory-buff-yellow-orange/,https://colorcombinations.org/og/wada-209-ivory-buff-yellow-orange.svg
wada-210-cinnamon-buff-lemon-yellow,Cinnamon Buff & Lemon Yellow +1,,"Plate 210 from Sanzo Wada's 1933 Dictionary of Color Combinations - Cinnamon Buff, Lemon Yellow, Lincoln Green.",orange,refined|warm,showa,3,#fdc57e,Cinnamon Buff,,#f8ed43,Lemon Yellow,,#555832,Lincoln Green,,,,,https://colorcombinations.org/palettes/wada-210-cinnamon-buff-lemon-yellow/,https://colorcombinations.org/api/palettes/wada-210-cinnamon-buff-lemon-yellow.json,https://colorcombinations.org/embed/wada-210-cinnamon-buff-lemon-yellow/,https://colorcombinations.org/og/wada-210-cinnamon-buff-lemon-yellow.svg
wada-211-apricot-orange-olive-yellow,Apricot Orange & Olive Yellow +1,,"Plate 211 from Sanzo Wada's 1933 Dictionary of Color Combinations - Apricot Orange, Olive Yellow, Deep Indigo.",orange,refined|warm,showa,3,#f68c50,Apricot Orange,,#a6a159,Olive Yellow,,#051230,Deep Indigo,,,,,https://colorcombinations.org/palettes/wada-211-apricot-orange-olive-yellow/,https://colorcombinations.org/api/palettes/wada-211-apricot-orange-olive-yellow.json,https://colorcombinations.org/embed/wada-211-apricot-orange-olive-yellow/,https://colorcombinations.org/og/wada-211-apricot-orange-olive-yellow.svg
wada-212-pompeian-red-orange-citrine,Pompeian Red & Orange Citrine +1,,"Plate 212 from Sanzo Wada's 1933 Dictionary of Color Combinations - Pompeian Red, Orange Citrine, Salvia Blue.",red,refined|warm,showa,3,#ab2439,Pompeian Red,,#986f2d,Orange Citrine,,#97acc8,Salvia Blue,,,,,https://colorcombinations.org/palettes/wada-212-pompeian-red-orange-citrine/,https://colorcombinations.org/api/palettes/wada-212-pompeian-red-orange-citrine.json,https://colorcombinations.org/embed/wada-212-pompeian-red-orange-citrine/,https://colorcombinations.org/og/wada-212-pompeian-red-orange-citrine.svg
wada-213-vinaceous-cinnamon-apricot-yellow,Vinaceous Cinnamon & Apricot Yellow +1,,"Plate 213 from Sanzo Wada's 1933 Dictionary of Color Combinations - Vinaceous Cinnamon, Apricot Yellow, Pale King's Blue.",orange,refined|warm,showa,3,#eea78c,Vinaceous Cinnamon,,#ffdd00,Apricot Yellow,,#a7d4e4,Pale King's Blue,,,,,https://colorcombinations.org/palettes/wada-213-vinaceous-cinnamon-apricot-yellow/,https://colorcombinations.org/api/palettes/wada-213-vinaceous-cinnamon-apricot-yellow.json,https://colorcombinations.org/embed/wada-213-vinaceous-cinnamon-apricot-yellow/,https://colorcombinations.org/og/wada-213-vinaceous-cinnamon-apricot-yellow.svg
wada-214-ivory-buff-sudan-brown,Ivory Buff & Sudan Brown +1,,"Plate 214 from Sanzo Wada's 1933 Dictionary of Color Combinations - Ivory Buff, Sudan Brown, Violet.",yellow,refined|warm,showa,3,#ebd3a2,Ivory Buff,,#a36752,Sudan Brown,,#4f4086,Violet,,,,,https://colorcombinations.org/palettes/wada-214-ivory-buff-sudan-brown/,https://colorcombinations.org/api/palettes/wada-214-ivory-buff-sudan-brown.json,https://colorcombinations.org/embed/wada-214-ivory-buff-sudan-brown/,https://colorcombinations.org/og/wada-214-ivory-buff-sudan-brown.svg
wada-215-cream-yellow-blue,Cream Yellow & Blue +1,,"Plate 215 from Sanzo Wada's 1933 Dictionary of Color Combinations - Cream Yellow, Blue, Eupatorium Purple.",yellow,refined|cool,showa,3,#fdbf68,Cream Yellow,,#006eb8,Blue,,#bf5892,Eupatorium Purple,,,,,https://colorcombinations.org/palettes/wada-215-cream-yellow-blue/,https://colorcombinations.org/api/palettes/wada-215-cream-yellow-blue.json,https://colorcombinations.org/embed/wada-215-cream-yellow-blue/,https://colorcombinations.org/og/wada-215-cream-yellow-blue.svg
wada-216-jasper-red-green,Jasper Red & Green +1,,"Plate 216 from Sanzo Wada's 1933 Dictionary of Color Combinations - Jasper Red, Green, Black.",red,solemn|warm,showa,3,#eb5324,Jasper Red,,#489b6e,Green,,#111314,Black,,,,,https://colorcombinations.org/palettes/wada-216-jasper-red-green/,https://colorcombinations.org/api/palettes/wada-216-jasper-red-green.json,https://colorcombinations.org/embed/wada-216-jasper-red-green/,https://colorcombinations.org/og/wada-216-jasper-red-green.svg
wada-217-pale-burnt-lake-ochraceous-salmon,Pale Burnt Lake & Ochraceous Salmon +1,,"Plate 217 from Sanzo Wada's 1933 Dictionary of Color Combinations - Pale Burnt Lake, Ochraceous Salmon, Diamine Green.",red,refined|warm,showa,3,#802626,Pale Burnt Lake,,#d8a37b,Ochraceous Salmon,,#1a7444,Diamine Green,,,,,https://colorcombinations.org/palettes/wada-217-pale-burnt-lake-ochraceous-salmon/,https://colorcombinations.org/api/palettes/wada-217-pale-burnt-lake-ochraceous-salmon.json,https://colorcombinations.org/embed/wada-217-pale-burnt-lake-ochraceous-salmon/,https://colorcombinations.org/og/wada-217-pale-burnt-lake-ochraceous-salmon.svg
wada-218-helvetia-blue-grayish-lavender-a,Helvetia Blue & Grayish Lavender - A +1,,"Plate 218 from Sanzo Wada's 1933 Dictionary of Color Combinations - Helvetia Blue, Grayish Lavender - A, Deep Violet / Plumbeous.",blue,refined|cool,showa,3,#005b8d,Helvetia Blue,,#b5b1d8,Grayish Lavender - A,,#70727c,Deep Violet / Plumbeous,,,,,https://colorcombinations.org/palettes/wada-218-helvetia-blue-grayish-lavender-a/,https://colorcombinations.org/api/palettes/wada-218-helvetia-blue-grayish-lavender-a.json,https://colorcombinations.org/embed/wada-218-helvetia-blue-grayish-lavender-a/,https://colorcombinations.org/og/wada-218-helvetia-blue-grayish-lavender-a.svg
wada-219-jasper-red-chromium-green,Jasper Red & Chromium Green +1,,"Plate 219 from Sanzo Wada's 1933 Dictionary of Color Combinations - Jasper Red, Chromium Green, Dusky Green.",red,refined|warm,showa,3,#eb5324,Jasper Red,,#719470,Chromium Green,,#004f46,Dusky Green,,,,,https://colorcombinations.org/palettes/wada-219-jasper-red-chromium-green/,https://colorcombinations.org/api/palettes/wada-219-jasper-red-chromium-green.json,https://colorcombinations.org/embed/wada-219-jasper-red-chromium-green/,https://colorcombinations.org/og/wada-219-jasper-red-chromium-green.svg
wada-220-pomegranite-purple-ochraceous-salmon,Pomegranite Purple & Ochraceous Salmon +1,,"Plate 220 from Sanzo Wada's 1933 Dictionary of Color Combinations - Pomegranite Purple, Ochraceous Salmon, Aconite Violet.",red,refined|warm,showa,3,#b71f57,Pomegranite Purple,,#d8a37b,Ochraceous Salmon,,#a36aa5,Aconite Violet,,,,,https://colorcombinations.org/palettes/wada-220-pomegranite-purple-ochraceous-salmon/,https://colorcombinations.org/api/palettes/wada-220-pomegranite-purple-ochraceous-salmon.json,https://colorcombinations.org/embed/wada-220-pomegranite-purple-ochraceous-salmon/,https://colorcombinations.org/og/wada-220-pomegranite-purple-ochraceous-salmon.svg
wada-221-carmine-red-neutral-gray,Carmine Red & Neutral Gray +1,,"Plate 221 from Sanzo Wada's 1933 Dictionary of Color Combinations - Carmine Red, Neutral Gray, Black.",red,refined|warm,showa,3,#a62c37,Carmine Red,,#b6bfc1,Neutral Gray,,#111314,Black,,,,,https://colorcombinations.org/palettes/wada-221-carmine-red-neutral-gray/,https://colorcombinations.org/api/palettes/wada-221-carmine-red-neutral-gray.json,https://colorcombinations.org/embed/wada-221-carmine-red-neutral-gray/,https://colorcombinations.org/og/wada-221-carmine-red-neutral-gray.svg
wada-222-yellow-ocher-yellow-orange,Yellow Ocher & Yellow Orange +1,,"Plate 222 from Sanzo Wada's 1933 Dictionary of Color Combinations - Yellow Ocher, Yellow Orange, Orange Rufous.",yellow,refined|warm,showa,3,#e2b540,Yellow Ocher,,#f99d1b,Yellow Orange,,#c16b27,Orange Rufous,,,,,https://colorcombinations.org/palettes/wada-222-yellow-ocher-yellow-orange/,https://colorcombinations.org/api/palettes/wada-222-yellow-ocher-yellow-orange.json,https://colorcombinations.org/embed/wada-222-yellow-ocher-yellow-orange/,https://colorcombinations.org/og/wada-222-yellow-ocher-yellow-orange.svg
wada-223-light-brown-drab-ochraceous-salmon,Light Brown Drab & Ochraceous Salmon +1,,"Plate 223 from Sanzo Wada's 1933 Dictionary of Color Combinations - Light Brown Drab, Ochraceous Salmon, Turquoise Green.",red,refined|warm,showa,3,#b59392,Light Brown Drab,,#d8a37b,Ochraceous Salmon,,#b5decc,Turquoise Green,,,,,https://colorcombinations.org/palettes/wada-223-light-brown-drab-ochraceous-salmon/,https://colorcombinations.org/api/palettes/wada-223-light-brown-drab-ochraceous-salmon.json,https://colorcombinations.org/embed/wada-223-light-brown-drab-ochraceous-salmon/,https://colorcombinations.org/og/wada-223-light-brown-drab-ochraceous-salmon.svg
wada-224-spinel-red-dark-medici-blue,Spinel Red & Dark Medici Blue +1,,"Plate 224 from Sanzo Wada's 1933 Dictionary of Color Combinations - Spinel Red, Dark Medici Blue, Taupe Brown.",red,refined|warm,showa,3,#f27291,Spinel Red,,#547076,Dark Medici Blue,,#7a4456,Taupe Brown,,,,,https://colorcombinations.org/palettes/wada-224-spinel-red-dark-medici-blue/,https://colorcombinations.org/api/palettes/wada-224-spinel-red-dark-medici-blue.json,https://colorcombinations.org/embed/wada-224-spinel-red-dark-medici-blue/,https://colorcombinations.org/og/wada-224-spinel-red-dark-medici-blue.svg
wada-225-carmine-dusky-green,Carmine & Dusky Green +1,,"Plate 225 from Sanzo Wada's 1933 Dictionary of Color Combinations - Carmine, Dusky Green, Dark Slate Purple.",red,solemn|warm,showa,3,#cc1236,Carmine,,#004f46,Dusky Green,,#704357,Dark Slate Purple,,,,,https://colorcombinations.org/palettes/wada-225-carmine-dusky-green/,https://colorcombinations.org/api/palettes/wada-225-carmine-dusky-green.json,https://colorcombinations.org/embed/wada-225-carmine-dusky-green/,https://colorcombinations.org/og/wada-225-carmine-dusky-green.svg
wada-226-vistoris-lake-cream-yellow,Vistoris Lake & Cream Yellow +1,,"Plate 226 from Sanzo Wada's 1933 Dictionary of Color Combinations - Vistoris Lake, Cream Yellow, Violet.",red,refined|warm,showa,3,#6d4145,Vistoris Lake,,#fdbf68,Cream Yellow,,#4f4086,Violet,,,,,https://colorcombinations.org/palettes/wada-226-vistoris-lake-cream-yellow/,https://colorcombinations.org/api/palettes/wada-226-vistoris-lake-cream-yellow.json,https://colorcombinations.org/embed/wada-226-vistoris-lake-cream-yellow/,https://colorcombinations.org/og/wada-226-vistoris-lake-cream-yellow.svg
wada-227-hermosa-pink-light-glaucous-blue,Hermosa Pink & Light Glaucous Blue +1,,"Plate 227 from Sanzo Wada's 1933 Dictionary of Color Combinations - Hermosa Pink, Light Glaucous Blue, Cerulian Blue.",red,refined|warm,showa,3,#f9c1ce,Hermosa Pink,,#a5c8d1,Light Glaucous Blue,,#0093a5,Cerulian Blue,,,,,https://colorcombinations.org/palettes/wada-227-hermosa-pink-light-glaucous-blue/,https://colorcombinations.org/api/palettes/wada-227-hermosa-pink-light-glaucous-blue.json,https://colorcombinations.org/embed/wada-227-hermosa-pink-light-glaucous-blue/,https://colorcombinations.org/og/wada-227-hermosa-pink-light-glaucous-blue.svg
wada-228-carmine-red-pale-lemon-yellow,Carmine Red & Pale Lemon Yellow +1,,"Plate 228 from Sanzo Wada's 1933 Dictionary of Color Combinations - Carmine Red, Pale Lemon Yellow, Neutral Gray.",red,refined|warm,showa,3,#a62c37,Carmine Red,,#ffefae,Pale Lemon Yellow,,#b6bfc1,Neutral Gray,,,,,https://colorcombinations.org/palettes/wada-228-carmine-red-pale-lemon-yellow/,https://colorcombinations.org/api/palettes/wada-228-carmine-red-pale-lemon-yellow.json,https://colorcombinations.org/embed/wada-228-carmine-red-pale-lemon-yellow/,https://colorcombinations.org/og/wada-228-carmine-red-pale-lemon-yellow.svg
wada-229-golden-yellow-deep-slate-olive,Golden Yellow & Deep Slate Olive +1,,"Plate 229 from Sanzo Wada's 1933 Dictionary of Color Combinations - Golden Yellow, Deep Slate Olive, Neutral Gray.",orange,refined|warm,showa,3,#f3a257,Golden Yellow,,#253122,Deep Slate Olive,,#b6bfc1,Neutral Gray,,,,,https://colorcombinations.org/palettes/wada-229-golden-yellow-deep-slate-olive/,https://colorcombinations.org/api/palettes/wada-229-golden-yellow-deep-slate-olive.json,https://colorcombinations.org/embed/wada-229-golden-yellow-deep-slate-olive/,https://colorcombinations.org/og/wada-229-golden-yellow-deep-slate-olive.svg
wada-230-grenadine-pink-turquoise-green,Grenadine Pink & Turquoise Green +1,,"Plate 230 from Sanzo Wada's 1933 Dictionary of Color Combinations - Grenadine Pink, Turquoise Green, Cobalt Green.",red,serene|warm,showa,3,#f48067,Grenadine Pink,,#b5decc,Turquoise Green,,#96d1aa,Cobalt Green,,,,,https://colorcombinations.org/palettes/wada-230-grenadine-pink-turquoise-green/,https://colorcombinations.org/api/palettes/wada-230-grenadine-pink-turquoise-green.json,https://colorcombinations.org/embed/wada-230-grenadine-pink-turquoise-green/,https://colorcombinations.org/og/wada-230-grenadine-pink-turquoise-green.svg
wada-231-cameo-pink-hay-s-russet,Cameo Pink & Hay's Russet +1,,"Plate 231 from Sanzo Wada's 1933 Dictionary of Color Combinations - Cameo Pink, Hay's Russet, Olympic Blue.",red,refined|warm,showa,3,#e0b3b6,Cameo Pink,,#793327,Hay's Russet,,#5a82b3,Olympic Blue,,,,,https://colorcombinations.org/palettes/wada-231-cameo-pink-hay-s-russet/,https://colorcombinations.org/api/palettes/wada-231-cameo-pink-hay-s-russet.json,https://colorcombinations.org/embed/wada-231-cameo-pink-hay-s-russet/,https://colorcombinations.org/og/wada-231-cameo-pink-hay-s-russet.svg
wada-232-carmine-pinkish-cinnamon,Carmine & Pinkish Cinnamon +1,,"Plate 232 from Sanzo Wada's 1933 Dictionary of Color Combinations - Carmine, Pinkish Cinnamon, Deep Indigo.",red,refined|warm,showa,3,#cc1236,Carmine,,#eeb480,Pinkish Cinnamon,,#051230,Deep Indigo,,,,,https://colorcombinations.org/palettes/wada-232-carmine-pinkish-cinnamon/,https://colorcombinations.org/api/palettes/wada-232-carmine-pinkish-cinnamon.json,https://colorcombinations.org/embed/wada-232-carmine-pinkish-cinnamon/,https://colorcombinations.org/og/wada-232-carmine-pinkish-cinnamon.svg
wada-233-carmine-red-buffy-citrine,Carmine Red & Buffy Citrine +1,,"Plate 233 from Sanzo Wada's 1933 Dictionary of Color Combinations - Carmine Red, Buffy Citrine, Violet Blue.",red,refined|warm,showa,3,#a62c37,Carmine Red,,#96874d,Buffy Citrine,,#40456a,Violet Blue,,,,,https://colorcombinations.org/palettes/wada-233-carmine-red-buffy-citrine/,https://colorcombinations.org/api/palettes/wada-233-carmine-red-buffy-citrine.json,https://colorcombinations.org/embed/wada-233-carmine-red-buffy-citrine/,https://colorcombinations.org/og/wada-233-carmine-red-buffy-citrine.svg
wada-234-cinnamon-buff-pale-raw-umber,Cinnamon Buff & Pale Raw Umber +1,,"Plate 234 from Sanzo Wada's 1933 Dictionary of Color Combinations - Cinnamon Buff, Pale Raw Umber, Pale King's Blue.",orange,refined|warm,showa,3,#fdc57e,Cinnamon Buff,,#71502f,Pale Raw Umber,,#a7d4e4,Pale King's Blue,,,,,https://colorcombinations.org/palettes/wada-234-cinnamon-buff-pale-raw-umber/,https://colorcombinations.org/api/palettes/wada-234-cinnamon-buff-pale-raw-umber.json,https://colorcombinations.org/embed/wada-234-cinnamon-buff-pale-raw-umber/,https://colorcombinations.org/og/wada-234-cinnamon-buff-pale-raw-umber.svg
wada-235-ivory-buff-yellow-orange,Ivory Buff & Yellow Orange +1,,"Plate 235 from Sanzo Wada's 1933 Dictionary of Color Combinations - Ivory Buff, Yellow Orange, Grayish Lavender - B.",yellow,refined,showa,3,#ebd3a2,Ivory Buff,,#f99d1b,Yellow Orange,,#c0a9b3,Grayish Lavender - B,,,,,https://colorcombinations.org/palettes/wada-235-ivory-buff-yellow-orange/,https://colorcombinations.org/api/palettes/wada-235-ivory-buff-yellow-orange.json,https://colorcombinations.org/embed/wada-235-ivory-buff-yellow-orange/,https://colorcombinations.org/og/wada-235-ivory-buff-yellow-orange.svg
wada-236-khaki-deep-lyons-blue,Khaki & Deep Lyons Blue +1,,"Plate 236 from Sanzo Wada's 1933 Dictionary of Color Combinations - Khaki, Deep Lyons Blue, Purple Drab.",yellow,refined|warm,showa,3,#bc892b,Khaki,,#1c4286,Deep Lyons Blue,,#84565b,Purple Drab,,,,,https://colorcombinations.org/palettes/wada-236-khaki-deep-lyons-blue/,https://colorcombinations.org/api/palettes/wada-236-khaki-deep-lyons-blue.json,https://colorcombinations.org/embed/wada-236-khaki-deep-lyons-blue/,https://colorcombinations.org/og/wada-236-khaki-deep-lyons-blue.svg
wada-237-carmine-red-madder-brown,Carmine Red & Madder Brown +1,,"Plate 237 from Sanzo Wada's 1933 Dictionary of Color Combinations - Carmine Red, Madder Brown, Salvia Blue.",red,refined|warm,showa,3,#a62c37,Carmine Red,,#762c19,Madder Brown,,#97acc8,Salvia Blue,,,,,https://colorcombinations.org/palettes/wada-237-carmine-red-madder-brown/,https://colorcombinations.org/api/palettes/wada-237-carmine-red-madder-brown.json,https://colorcombinations.org/embed/wada-237-carmine-red-madder-brown/,https://colorcombinations.org/og/wada-237-carmine-red-madder-brown.svg
wada-238-ochraceous-salmon-cotinga-purple,Ochraceous Salmon & Cotinga Purple +1,,"Plate 238 from Sanzo Wada's 1933 Dictionary of Color Combinations - Ochraceous Salmon, Cotinga Purple, Warm Gray.",orange,refined|warm,showa,3,#d8a37b,Ochraceous Salmon,,#501345,Cotinga Purple,,#a1a39a,Warm Gray,,,,,https://colorcombinations.org/palettes/wada-238-ochraceous-salmon-cotinga-purple/,https://colorcombinations.org/api/palettes/wada-238-ochraceous-salmon-cotinga-purple.json,https://colorcombinations.org/embed/wada-238-ochraceous-salmon-cotinga-purple/,https://colorcombinations.org/og/wada-238-ochraceous-salmon-cotinga-purple.svg
wada-239-light-brown-drab-pyrite-yellow,Light Brown Drab & Pyrite Yellow +1,,"Plate 239 from Sanzo Wada's 1933 Dictionary of Color Combinations - Light Brown Drab, Pyrite Yellow, Glaucous Green.",red,refined|warm,showa,3,#b59392,Light Brown Drab,,#cab356,Pyrite Yellow,,#b4cdc2,Glaucous Green,,,,,https://colorcombinations.org/palettes/wada-239-light-brown-drab-pyrite-yellow/,https://colorcombinations.org/api/palettes/wada-239-light-brown-drab-pyrite-yellow.json,https://colorcombinations.org/embed/wada-239-light-brown-drab-pyrite-yellow/,https://colorcombinations.org/og/wada-239-light-brown-drab-pyrite-yellow.svg
wada-240-fresh-color-yellow,Fresh Color & Yellow +1,,"Plate 240 from Sanzo Wada's 1933 Dictionary of Color Combinations - Fresh Color, Yellow, Cerulian Blue.",red,refined|warm,showa,3,#f6917e,Fresh Color,,#fff200,Yellow,,#0093a5,Cerulian Blue,,,,,https://colorcombinations.org/palettes/wada-240-fresh-color-yellow/,https://colorcombinations.org/api/palettes/wada-240-fresh-color-yellow.json,https://colorcombinations.org/embed/wada-240-fresh-color-yellow/,https://colorcombinations.org/og/wada-240-fresh-color-yellow.svg
wada-241-red-orange-pale-lemon-yellow,Red Orange & Pale Lemon Yellow +2,,"Plate 241 from Sanzo Wada's 1933 Dictionary of Color Combinations - Red Orange, Pale Lemon Yellow, Isabella Color, Dark Medici Blue.",red,refined|warm|bold,showa,4,#dd4027,Red Orange,,#ffefae,Pale Lemon Yellow,,#c5a56e,Isabella Color,,#547076,Dark Medici Blue,,https://colorcombinations.org/palettes/wada-241-red-orange-pale-lemon-yellow/,https://colorcombinations.org/api/palettes/wada-241-red-orange-pale-lemon-yellow.json,https://colorcombinations.org/embed/wada-241-red-orange-pale-lemon-yellow/,https://colorcombinations.org/og/wada-241-red-orange-pale-lemon-yellow.svg
wada-242-eosine-pink-burnt-sienna,Eosine Pink & Burnt Sienna +2,,"Plate 242 from Sanzo Wada's 1933 Dictionary of Color Combinations - Eosine Pink, Burnt Sienna, Diamine Green, Black.",red,refined|warm|bold,showa,4,#f37f94,Eosine Pink,,#ae5224,Burnt Sienna,,#1a7444,Diamine Green,,#111314,Black,,https://colorcombinations.org/palettes/wada-242-eosine-pink-burnt-sienna/,https://colorcombinations.org/api/palettes/wada-242-eosine-pink-burnt-sienna.json,https://colorcombinations.org/embed/wada-242-eosine-pink-burnt-sienna/,https://colorcombinations.org/og/wada-242-eosine-pink-burnt-sienna.svg
wada-243-raw-sienna-ivory-buff,Raw Sienna & Ivory Buff +2,,"Plate 243 from Sanzo Wada's 1933 Dictionary of Color Combinations - Raw Sienna, Ivory Buff, Olive Green, Slate Color.",orange,refined|warm|bold,showa,4,#bb7125,Raw Sienna,,#ebd3a2,Ivory Buff,,#6b7140,Olive Green,,#34454c,Slate Color,,https://colorcombinations.org/palettes/wada-243-raw-sienna-ivory-buff/,https://colorcombinations.org/api/palettes/wada-243-raw-sienna-ivory-buff.json,https://colorcombinations.org/embed/wada-243-raw-sienna-ivory-buff/,https://colorcombinations.org/og/wada-243-raw-sienna-ivory-buff.svg
wada-244-light-brown-drab-vinaceous-tawny,Light Brown Drab & Vinaceous Tawny +2,,"Plate 244 from Sanzo Wada's 1933 Dictionary of Color Combinations - Light Brown Drab, Vinaceous Tawny, Andover Green, Antwarp Blue.",red,refined|warm|bold,showa,4,#b59392,Light Brown Drab,,#c56127,Vinaceous Tawny,,#6d7e77,Andover Green,,#007190,Antwarp Blue,,https://colorcombinations.org/palettes/wada-244-light-brown-drab-vinaceous-tawny/,https://colorcombinations.org/api/palettes/wada-244-light-brown-drab-vinaceous-tawny.json,https://colorcombinations.org/embed/wada-244-light-brown-drab-vinaceous-tawny/,https://colorcombinations.org/og/wada-244-light-brown-drab-vinaceous-tawny.svg
wada-245-carmine-red-oil-green,Carmine Red & Oil Green +2,,"Plate 245 from Sanzo Wada's 1933 Dictionary of Color Combinations - Carmine Red, Oil Green, Dark Tyrian Blue, Slate Color.",red,solemn|warm|bold,showa,4,#a62c37,Carmine Red,,#819238,Oil Green,,#12354e,Dark Tyrian Blue,,#34454c,Slate Color,,https://colorcombinations.org/palettes/wada-245-carmine-red-oil-green/,https://colorcombinations.org/api/palettes/wada-245-carmine-red-oil-green.json,https://colorcombinations.org/embed/wada-245-carmine-red-oil-green/,https://colorcombinations.org/og/wada-245-carmine-red-oil-green.svg
wada-246-corinthian-pink-brick-red,Corinthian Pink & Brick Red +2,,"Plate 246 from Sanzo Wada's 1933 Dictionary of Color Combinations - Corinthian Pink, Brick Red, Sulpher Yellow, Cinnamon Buff.",red,serene|warm|bold,showa,4,#f8b6ba,Corinthian Pink,,#a84222,Brick Red,,#f5ecc2,Sulpher Yellow,,#fdc57e,Cinnamon Buff,,https://colorcombinations.org/palettes/wada-246-corinthian-pink-brick-red/,https://colorcombinations.org/api/palettes/wada-246-corinthian-pink-brick-red.json,https://colorcombinations.org/embed/wada-246-corinthian-pink-brick-red/,https://colorcombinations.org/og/wada-246-corinthian-pink-brick-red.svg
wada-247-raw-sienna-apricot-yellow,Raw Sienna & Apricot Yellow +2,,"Plate 247 from Sanzo Wada's 1933 Dictionary of Color Combinations - Raw Sienna, Apricot Yellow, Benzol Green, Deep Lyons Blue.",orange,refined|warm|bold,showa,4,#bb7125,Raw Sienna,,#ffdd00,Apricot Yellow,,#00978d,Benzol Green,,#1c4286,Deep Lyons Blue,,https://colorcombinations.org/palettes/wada-247-raw-sienna-apricot-yellow/,https://colorcombinations.org/api/palettes/wada-247-raw-sienna-apricot-yellow.json,https://colorcombinations.org/embed/wada-247-raw-sienna-apricot-yellow/,https://colorcombinations.org/og/wada-247-raw-sienna-apricot-yellow.svg
wada-248-eosine-pink-khaki,Eosine Pink & Khaki +2,,"Plate 248 from Sanzo Wada's 1933 Dictionary of Color Combinations - Eosine Pink, Khaki, Grayish Lavender - A, Dark Slate Purple.",red,refined|warm|bold,showa,4,#f37f94,Eosine Pink,,#bc892b,Khaki,,#b5b1d8,Grayish Lavender - A,,#704357,Dark Slate Purple,,https://colorcombinations.org/palettes/wada-248-eosine-pink-khaki/,https://colorcombinations.org/api/palettes/wada-248-eosine-pink-khaki.json,https://colorcombinations.org/embed/wada-248-eosine-pink-khaki/,https://colorcombinations.org/og/wada-248-eosine-pink-khaki.svg
wada-249-hay-s-russet-ecru,Hay's Russet & Ecru +2,,"Plate 249 from Sanzo Wada's 1933 Dictionary of Color Combinations - Hay's Russet, Ecru, Olive Ocher, Dark Medici Blue.",red,refined|warm|bold,showa,4,#793327,Hay's Russet,,#c2ae93,Ecru,,#d6b43e,Olive Ocher,,#547076,Dark Medici Blue,,https://colorcombinations.org/palettes/wada-249-hay-s-russet-ecru/,https://colorcombinations.org/api/palettes/wada-249-hay-s-russet-ecru.json,https://colorcombinations.org/embed/wada-249-hay-s-russet-ecru/,https://colorcombinations.org/og/wada-249-hay-s-russet-ecru.svg
wada-250-pyrite-yellow-peach-red,Pyrite Yellow & Peach Red +2,,"Plate 250 from Sanzo Wada's 1933 Dictionary of Color Combinations - Pyrite Yellow, Peach Red, Sea Green, Nile Blue.",yellow,refined|warm|bold,showa,4,#cab356,Pyrite Yellow,,#f15a30,Peach Red,,#00b49b,Sea Green,,#bce4e5,Nile Blue,,https://colorcombinations.org/palettes/wada-250-pyrite-yellow-peach-red/,https://colorcombinations.org/api/palettes/wada-250-pyrite-yellow-peach-red.json,https://colorcombinations.org/embed/wada-250-pyrite-yellow-peach-red/,https://colorcombinations.org/og/wada-250-pyrite-yellow-peach-red.svg
wada-251-red-yellow,Red & Yellow +2,,"Plate 251 from Sanzo Wada's 1933 Dictionary of Color Combinations - Red, Yellow, Diamine Green, Slate Color.",red,refined|warm|bold,showa,4,#a72144,Red,,#fff200,Yellow,,#1a7444,Diamine Green,,#34454c,Slate Color,,https://colorcombinations.org/palettes/wada-251-red-yellow/,https://colorcombinations.org/api/palettes/wada-251-red-yellow.json,https://colorcombinations.org/embed/wada-251-red-yellow/,https://colorcombinations.org/og/wada-251-red-yellow.svg
wada-252-eugenia-red-b-raw-sienna,Eugenia Red | B & Raw Sienna +2,,"Plate 252 from Sanzo Wada's 1933 Dictionary of Color Combinations - Eugenia Red | B, Raw Sienna, Sulphine Yellow, Green Blue.",red,refined|warm|bold,showa,4,#da525d,Eugenia Red | B,,#bb7125,Raw Sienna,,#c19f2c,Sulphine Yellow,,#099197,Green Blue,,https://colorcombinations.org/palettes/wada-252-eugenia-red-b-raw-sienna/,https://colorcombinations.org/api/palettes/wada-252-eugenia-red-b-raw-sienna.json,https://colorcombinations.org/embed/wada-252-eugenia-red-b-raw-sienna/,https://colorcombinations.org/og/wada-252-eugenia-red-b-raw-sienna.svg
wada-253-lemon-yellow-apricot-orange,Lemon Yellow & Apricot Orange +2,,"Plate 253 from Sanzo Wada's 1933 Dictionary of Color Combinations - Lemon Yellow, Apricot Orange, Cotinga Purple, Slate Color.",yellow,refined|warm|bold,showa,4,#f8ed43,Lemon Yellow,,#f68c50,Apricot Orange,,#501345,Cotinga Purple,,#34454c,Slate Color,,https://colorcombinations.org/palettes/wada-253-lemon-yellow-apricot-orange/,https://colorcombinations.org/api/palettes/wada-253-lemon-yellow-apricot-orange.json,https://colorcombinations.org/embed/wada-253-lemon-yellow-apricot-orange/,https://colorcombinations.org/og/wada-253-lemon-yellow-apricot-orange.svg
wada-254-corinthian-pink-sulpher-yellow,Corinthian Pink & Sulpher Yellow +2,,"Plate 254 from Sanzo Wada's 1933 Dictionary of Color Combinations - Corinthian Pink, Sulpher Yellow, Olive, Laelia Pink.",red,refined|warm|bold,showa,4,#f8b6ba,Corinthian Pink,,#f5ecc2,Sulpher Yellow,,#837e31,Olive,,#ca92a8,Laelia Pink,,https://colorcombinations.org/palettes/wada-254-corinthian-pink-sulpher-yellow/,https://colorcombinations.org/api/palettes/wada-254-corinthian-pink-sulpher-yellow.json,https://colorcombinations.org/embed/wada-254-corinthian-pink-sulpher-yellow/,https://colorcombinations.org/og/wada-254-corinthian-pink-sulpher-yellow.svg
wada-255-raw-sienna-pyrite-yellow,Raw Sienna & Pyrite Yellow +2,,"Plate 255 from Sanzo Wada's 1933 Dictionary of Color Combinations - Raw Sienna, Pyrite Yellow, Calamine BLue, Black.",orange,refined|warm|bold,showa,4,#bb7125,Raw Sienna,,#cab356,Pyrite Yellow,,#78cdd0,Calamine BLue,,#111314,Black,,https://colorcombinations.org/palettes/wada-255-raw-sienna-pyrite-yellow/,https://colorcombinations.org/api/palettes/wada-255-raw-sienna-pyrite-yellow.json,https://colorcombinations.org/embed/wada-255-raw-sienna-pyrite-yellow/,https://colorcombinations.org/og/wada-255-raw-sienna-pyrite-yellow.svg
wada-256-vinaceous-cinnamon-orange,Vinaceous Cinnamon & Orange +2,,"Plate 256 from Sanzo Wada's 1933 Dictionary of Color Combinations - Vinaceous Cinnamon, Orange, Dull Viridian Green, Black.",orange,refined|warm|bold,showa,4,#eea78c,Vinaceous Cinnamon,,#f37420,Orange,,#009465,Dull Viridian Green,,#111314,Black,,https://colorcombinations.org/palettes/wada-256-vinaceous-cinnamon-orange/,https://colorcombinations.org/api/palettes/wada-256-vinaceous-cinnamon-orange.json,https://colorcombinations.org/embed/wada-256-vinaceous-cinnamon-orange/,https://colorcombinations.org/og/wada-256-vinaceous-cinnamon-orange.svg
wada-257-spectrum-red-orange-yellow,Spectrum Red & Orange Yellow +2,,"Plate 257 from Sanzo Wada's 1933 Dictionary of Color Combinations - Spectrum Red, Orange Yellow, Blue, Aconite Violet.",red,refined|warm|bold,showa,4,#e31f26,Spectrum Red,,#fcb315,Orange Yellow,,#006eb8,Blue,,#a36aa5,Aconite Violet,,https://colorcombinations.org/palettes/wada-257-spectrum-red-orange-yellow/,https://colorcombinations.org/api/palettes/wada-257-spectrum-red-orange-yellow.json,https://colorcombinations.org/embed/wada-257-spectrum-red-orange-yellow/,https://colorcombinations.org/og/wada-257-spectrum-red-orange-yellow.svg
wada-258-pale-burnt-lake-pinkish-cinnamon,Pale Burnt Lake & Pinkish Cinnamon +2,,"Plate 258 from Sanzo Wada's 1933 Dictionary of Color Combinations - Pale Burnt Lake, Pinkish Cinnamon, Olive, Antwarp Blue.",red,refined|warm|bold,showa,4,#802626,Pale Burnt Lake,,#eeb480,Pinkish Cinnamon,,#837e31,Olive,,#007190,Antwarp Blue,,https://colorcombinations.org/palettes/wada-258-pale-burnt-lake-pinkish-cinnamon/,https://colorcombinations.org/api/palettes/wada-258-pale-burnt-lake-pinkish-cinnamon.json,https://colorcombinations.org/embed/wada-258-pale-burnt-lake-pinkish-cinnamon/,https://colorcombinations.org/og/wada-258-pale-burnt-lake-pinkish-cinnamon.svg
wada-259-lemon-yellow-green-blue,Lemon Yellow & Green Blue +2,,"Plate 259 from Sanzo Wada's 1933 Dictionary of Color Combinations - Lemon Yellow, Green Blue, Helvetia Blue, Warm Gray.",yellow,refined|cool|bold,showa,4,#f8ed43,Lemon Yellow,,#099197,Green Blue,,#005b8d,Helvetia Blue,,#a1a39a,Warm Gray,,https://colorcombinations.org/palettes/wada-259-lemon-yellow-green-blue/,https://colorcombinations.org/api/palettes/wada-259-lemon-yellow-green-blue.json,https://colorcombinations.org/embed/wada-259-lemon-yellow-green-blue/,https://colorcombinations.org/og/wada-259-lemon-yellow-green-blue.svg
wada-260-old-rose-vinaceous-cinnamon,Old Rose & Vinaceous Cinnamon +2,,"Plate 260 from Sanzo Wada's 1933 Dictionary of Color Combinations - Old Rose, Vinaceous Cinnamon, Glaucous Green, Sea Green.",red,refined|warm|bold,showa,4,#d46d7a,Old Rose,,#eea78c,Vinaceous Cinnamon,,#b4cdc2,Glaucous Green,,#00b49b,Sea Green,,https://colorcombinations.org/palettes/wada-260-old-rose-vinaceous-cinnamon/,https://colorcombinations.org/api/palettes/wada-260-old-rose-vinaceous-cinnamon.json,https://colorcombinations.org/embed/wada-260-old-rose-vinaceous-cinnamon/,https://colorcombinations.org/og/wada-260-old-rose-vinaceous-cinnamon.svg
wada-261-red-pale-lemon-yellow,Red & Pale Lemon Yellow +2,,"Plate 261 from Sanzo Wada's 1933 Dictionary of Color Combinations - Red, Pale Lemon Yellow, Calamine BLue, Warm Gray.",red,refined|warm|bold,showa,4,#a72144,Red,,#ffefae,Pale Lemon Yellow,,#78cdd0,Calamine BLue,,#a1a39a,Warm Gray,,https://colorcombinations.org/palettes/wada-261-red-pale-lemon-yellow/,https://colorcombinations.org/api/palettes/wada-261-red-pale-lemon-yellow.json,https://colorcombinations.org/embed/wada-261-red-pale-lemon-yellow/,https://colorcombinations.org/og/wada-261-red-pale-lemon-yellow.svg
wada-262-eugenia-red-b-ivory-buff,Eugenia Red | B & Ivory Buff +2,,"Plate 262 from Sanzo Wada's 1933 Dictionary of Color Combinations - Eugenia Red | B, Ivory Buff, Citrine, Cossack Green.",red,refined|warm|bold,showa,4,#da525d,Eugenia Red | B,,#ebd3a2,Ivory Buff,,#b09f36,Citrine,,#437742,Cossack Green,,https://colorcombinations.org/palettes/wada-262-eugenia-red-b-ivory-buff/,https://colorcombinations.org/api/palettes/wada-262-eugenia-red-b-ivory-buff.json,https://colorcombinations.org/embed/wada-262-eugenia-red-b-ivory-buff/,https://colorcombinations.org/og/wada-262-eugenia-red-b-ivory-buff.svg
wada-263-burnt-sienna-pinkish-cinnamon,Burnt Sienna & Pinkish Cinnamon +2,,"Plate 263 from Sanzo Wada's 1933 Dictionary of Color Combinations - Burnt Sienna, Pinkish Cinnamon, Turquoise Green, Slate Color.",orange,refined|warm|bold,showa,4,#ae5224,Burnt Sienna,,#eeb480,Pinkish Cinnamon,,#b5decc,Turquoise Green,,#34454c,Slate Color,,https://colorcombinations.org/palettes/wada-263-burnt-sienna-pinkish-cinnamon/,https://colorcombinations.org/api/palettes/wada-263-burnt-sienna-pinkish-cinnamon.json,https://colorcombinations.org/embed/wada-263-burnt-sienna-pinkish-cinnamon/,https://colorcombinations.org/og/wada-263-burnt-sienna-pinkish-cinnamon.svg
wada-264-corinthian-pink-red-orange,Corinthian Pink & Red Orange +2,,"Plate 264 from Sanzo Wada's 1933 Dictionary of Color Combinations - Corinthian Pink, Red Orange, Dark Greenish Glaucous, Cerulian Blue.",red,refined|warm|bold,showa,4,#f8b6ba,Corinthian Pink,,#dd4027,Red Orange,,#b7c2a9,Dark Greenish Glaucous,,#0093a5,Cerulian Blue,,https://colorcombinations.org/palettes/wada-264-corinthian-pink-red-orange/,https://colorcombinations.org/api/palettes/wada-264-corinthian-pink-red-orange.json,https://colorcombinations.org/embed/wada-264-corinthian-pink-red-orange/,https://colorcombinations.org/og/wada-264-corinthian-pink-red-orange.svg
wada-265-old-rose-apricot-yellow,Old Rose & Apricot Yellow +2,,"Plate 265 from Sanzo Wada's 1933 Dictionary of Color Combinations - Old Rose, Apricot Yellow, Olive Yellow, Dull Violet Black.",red,refined|warm|bold,showa,4,#d46d7a,Old Rose,,#ffdd00,Apricot Yellow,,#a6a159,Olive Yellow,,#1e0e3f,Dull Violet Black,,https://colorcombinations.org/palettes/wada-265-old-rose-apricot-yellow/,https://colorcombinations.org/api/palettes/wada-265-old-rose-apricot-yellow.json,https://colorcombinations.org/embed/wada-265-old-rose-apricot-yellow/,https://colorcombinations.org/og/wada-265-old-rose-apricot-yellow.svg
wada-266-spectrum-red-ivory-buff,Spectrum Red & Ivory Buff +2,,"Plate 266 from Sanzo Wada's 1933 Dictionary of Color Combinations - Spectrum Red, Ivory Buff, Rainette Green, Benzol Green.",red,refined|warm|bold,showa,4,#e31f26,Spectrum Red,,#ebd3a2,Ivory Buff,,#8fa071,Rainette Green,,#00978d,Benzol Green,,https://colorcombinations.org/palettes/wada-266-spectrum-red-ivory-buff/,https://colorcombinations.org/api/palettes/wada-266-spectrum-red-ivory-buff.json,https://colorcombinations.org/embed/wada-266-spectrum-red-ivory-buff/,https://colorcombinations.org/og/wada-266-spectrum-red-ivory-buff.svg
wada-267-cream-yellow-yellow-orange,Cream Yellow & Yellow Orange +2,,"Plate 267 from Sanzo Wada's 1933 Dictionary of Color Combinations - Cream Yellow, Yellow Orange, Benzol Green, Blue.",yellow,refined|cool|bold,showa,4,#fdbf68,Cream Yellow,,#f99d1b,Yellow Orange,,#00978d,Benzol Green,,#006eb8,Blue,,https://colorcombinations.org/palettes/wada-267-cream-yellow-yellow-orange/,https://colorcombinations.org/api/palettes/wada-267-cream-yellow-yellow-orange.json,https://colorcombinations.org/embed/wada-267-cream-yellow-yellow-orange/,https://colorcombinations.org/og/wada-267-cream-yellow-yellow-orange.svg
wada-268-light-brown-drab-raw-sienna,Light Brown Drab & Raw Sienna +2,,"Plate 268 from Sanzo Wada's 1933 Dictionary of Color Combinations - Light Brown Drab, Raw Sienna, Deep Slate Olive, Nile Blue.",red,refined|warm|bold,showa,4,#b59392,Light Brown Drab,,#bb7125,Raw Sienna,,#253122,Deep Slate Olive,,#bce4e5,Nile Blue,,https://colorcombinations.org/palettes/wada-268-light-brown-drab-raw-sienna/,https://colorcombinations.org/api/palettes/wada-268-light-brown-drab-raw-sienna.json,https://colorcombinations.org/embed/wada-268-light-brown-drab-raw-sienna/,https://colorcombinations.org/og/wada-268-light-brown-drab-raw-sienna.svg
wada-269-raw-sienna-pale-burnt-lake,Raw Sienna & Pale Burnt Lake +2,,"Plate 269 from Sanzo Wada's 1933 Dictionary of Color Combinations - Raw Sienna, Pale Burnt Lake, Aconite Violet, Black.",orange,solemn|warm|bold,showa,4,#bb7125,Raw Sienna,,#802626,Pale Burnt Lake,,#a36aa5,Aconite Violet,,#111314,Black,,https://colorcombinations.org/palettes/wada-269-raw-sienna-pale-burnt-lake/,https://colorcombinations.org/api/palettes/wada-269-raw-sienna-pale-burnt-lake.json,https://colorcombinations.org/embed/wada-269-raw-sienna-pale-burnt-lake/,https://colorcombinations.org/og/wada-269-raw-sienna-pale-burnt-lake.svg
wada-270-eugenia-red-b-sulpher-yellow,Eugenia Red | B & Sulpher Yellow +2,,"Plate 270 from Sanzo Wada's 1933 Dictionary of Color Combinations - Eugenia Red | B, Sulpher Yellow, Olive Green, Cossack Green.",red,refined|warm|bold,showa,4,#da525d,Eugenia Red | B,,#f5ecc2,Sulpher Yellow,,#6b7140,Olive Green,,#437742,Cossack Green,,https://colorcombinations.org/palettes/wada-270-eugenia-red-b-sulpher-yellow/,https://colorcombinations.org/api/palettes/wada-270-eugenia-red-b-sulpher-yellow.json,https://colorcombinations.org/embed/wada-270-eugenia-red-b-sulpher-yellow/,https://colorcombinations.org/og/wada-270-eugenia-red-b-sulpher-yellow.svg
wada-271-pomegranite-purple-cobalt-green,Pomegranite Purple & Cobalt Green +2,,"Plate 271 from Sanzo Wada's 1933 Dictionary of Color Combinations - Pomegranite Purple, Cobalt Green, Green Blue, Deep Slate Green.",red,refined|warm|bold,showa,4,#b71f57,Pomegranite Purple,,#96d1aa,Cobalt Green,,#099197,Green Blue,,#112f2c,Deep Slate Green,,https://colorcombinations.org/palettes/wada-271-pomegranite-purple-cobalt-green/,https://colorcombinations.org/api/palettes/wada-271-pomegranite-purple-cobalt-green.json,https://colorcombinations.org/embed/wada-271-pomegranite-purple-cobalt-green/,https://colorcombinations.org/og/wada-271-pomegranite-purple-cobalt-green.svg
wada-272-pale-lemon-yellow-orange,Pale Lemon Yellow & Orange +2,,"Plate 272 from Sanzo Wada's 1933 Dictionary of Color Combinations - Pale Lemon Yellow, Orange, Turquoise Green, Salvia Blue.",yellow,serene|warm|bold,showa,4,#ffefae,Pale Lemon Yellow,,#f37420,Orange,,#b5decc,Turquoise Green,,#97acc8,Salvia Blue,,https://colorcombinations.org/palettes/wada-272-pale-lemon-yellow-orange/,https://colorcombinations.org/api/palettes/wada-272-pale-lemon-yellow-orange.json,https://colorcombinations.org/embed/wada-272-pale-lemon-yellow-orange/,https://colorcombinations.org/og/wada-272-pale-lemon-yellow-orange.svg
wada-273-hermosa-pink-pansy-purple,Hermosa Pink & Pansy Purple +2,,"Plate 273 from Sanzo Wada's 1933 Dictionary of Color Combinations - Hermosa Pink, Pansy Purple, Sudan Brown, Neutral Gray.",red,refined|warm|bold,showa,4,#f9c1ce,Hermosa Pink,,#7d133a,Pansy Purple,,#a36752,Sudan Brown,,#b6bfc1,Neutral Gray,,https://colorcombinations.org/palettes/wada-273-hermosa-pink-pansy-purple/,https://colorcombinations.org/api/palettes/wada-273-hermosa-pink-pansy-purple.json,https://colorcombinations.org/embed/wada-273-hermosa-pink-pansy-purple/,https://colorcombinations.org/og/wada-273-hermosa-pink-pansy-purple.svg
wada-274-peach-red-dark-citrine,Peach Red & Dark Citrine +2,,"Plate 274 from Sanzo Wada's 1933 Dictionary of Color Combinations - Peach Red, Dark Citrine, Olympic Blue, Light Mauve.",red,refined|warm|bold,showa,4,#f15a30,Peach Red,,#8b835b,Dark Citrine,,#5a82b3,Olympic Blue,,#9a72aa,Light Mauve,,https://colorcombinations.org/palettes/wada-274-peach-red-dark-citrine/,https://colorcombinations.org/api/palettes/wada-274-peach-red-dark-citrine.json,https://colorcombinations.org/embed/wada-274-peach-red-dark-citrine/,https://colorcombinations.org/og/wada-274-peach-red-dark-citrine.svg
wada-275-etruscan-red-ecru,Etruscan Red & Ecru +2,,"Plate 275 from Sanzo Wada's 1933 Dictionary of Color Combinations - Etruscan Red, Ecru, Madder Brown, Taupe Brown.",red,refined|warm|bold,showa,4,#c55347,Etruscan Red,,#c2ae93,Ecru,,#762c19,Madder Brown,,#7a4456,Taupe Brown,,https://colorcombinations.org/palettes/wada-275-etruscan-red-ecru/,https://colorcombinations.org/api/palettes/wada-275-etruscan-red-ecru.json,https://colorcombinations.org/embed/wada-275-etruscan-red-ecru/,https://colorcombinations.org/og/wada-275-etruscan-red-ecru.svg
wada-276-eosine-pink-seashell-pink,Eosine Pink & Seashell Pink +2,,"Plate 276 from Sanzo Wada's 1933 Dictionary of Color Combinations - Eosine Pink, Seashell Pink, Yellow Green, Black.",red,refined|warm|bold,showa,4,#f37f94,Eosine Pink,,#fdd4bd,Seashell Pink,,#afd472,Yellow Green,,#111314,Black,,https://colorcombinations.org/palettes/wada-276-eosine-pink-seashell-pink/,https://colorcombinations.org/api/palettes/wada-276-eosine-pink-seashell-pink.json,https://colorcombinations.org/embed/wada-276-eosine-pink-seashell-pink/,https://colorcombinations.org/og/wada-276-eosine-pink-seashell-pink.svg
wada-277-spinel-red-rosolanc-purple,Spinel Red & Rosolanc Purple +2,,"Plate 277 from Sanzo Wada's 1933 Dictionary of Color Combinations - Spinel Red, Rosolanc Purple, Olive, Dull Violet Black.",red,refined|warm|bold,showa,4,#f27291,Spinel Red,,#b73f74,Rosolanc Purple,,#837e31,Olive,,#1e0e3f,Dull Violet Black,,https://colorcombinations.org/palettes/wada-277-spinel-red-rosolanc-purple/,https://colorcombinations.org/api/palettes/wada-277-spinel-red-rosolanc-purple.json,https://colorcombinations.org/embed/wada-277-spinel-red-rosolanc-purple/,https://colorcombinations.org/og/wada-277-spinel-red-rosolanc-purple.svg
wada-278-cream-yellow-olive-ocher,Cream Yellow & Olive Ocher +2,,"Plate 278 from Sanzo Wada's 1933 Dictionary of Color Combinations - Cream Yellow, Olive Ocher, Cossack Green, Dusky Green.",yellow,refined|cool|bold,showa,4,#fdbf68,Cream Yellow,,#d6b43e,Olive Ocher,,#437742,Cossack Green,,#004f46,Dusky Green,,https://colorcombinations.org/palettes/wada-278-cream-yellow-olive-ocher/,https://colorcombinations.org/api/palettes/wada-278-cream-yellow-olive-ocher.json,https://colorcombinations.org/embed/wada-278-cream-yellow-olive-ocher/,https://colorcombinations.org/og/wada-278-cream-yellow-olive-ocher.svg
wada-279-raw-sienna-vinaceous-cinnamon,Raw Sienna & Vinaceous Cinnamon +2,,"Plate 279 from Sanzo Wada's 1933 Dictionary of Color Combinations - Raw Sienna, Vinaceous Cinnamon, Ecru, Dark Tyrian Blue.",orange,refined|warm|bold,showa,4,#bb7125,Raw Sienna,,#eea78c,Vinaceous Cinnamon,,#c2ae93,Ecru,,#12354e,Dark Tyrian Blue,,https://colorcombinations.org/palettes/wada-279-raw-sienna-vinaceous-cinnamon/,https://colorcombinations.org/api/palettes/wada-279-raw-sienna-vinaceous-cinnamon.json,https://colorcombinations.org/embed/wada-279-raw-sienna-vinaceous-cinnamon/,https://colorcombinations.org/og/wada-279-raw-sienna-vinaceous-cinnamon.svg
wada-280-eugenia-red-b-lincoln-green,Eugenia Red | B & Lincoln Green +2,,"Plate 280 from Sanzo Wada's 1933 Dictionary of Color Combinations - Eugenia Red | B, Lincoln Green, Laelia Pink, Taupe Brown.",red,refined|warm|bold,showa,4,#da525d,Eugenia Red | B,,#555832,Lincoln Green,,#ca92a8,Laelia Pink,,#7a4456,Taupe Brown,,https://colorcombinations.org/palettes/wada-280-eugenia-red-b-lincoln-green/,https://colorcombinations.org/api/palettes/wada-280-eugenia-red-b-lincoln-green.json,https://colorcombinations.org/embed/wada-280-eugenia-red-b-lincoln-green/,https://colorcombinations.org/og/wada-280-eugenia-red-b-lincoln-green.svg
wada-281-pale-lemon-yellow-benzol-green,Pale Lemon Yellow & Benzol Green +2,,"Plate 281 from Sanzo Wada's 1933 Dictionary of Color Combinations - Pale Lemon Yellow, Benzol Green, Cobalt Green, Antwarp Blue.",yellow,refined|cool|bold,showa,4,#ffefae,Pale Lemon Yellow,,#00978d,Benzol Green,,#96d1aa,Cobalt Green,,#007190,Antwarp Blue,,https://colorcombinations.org/palettes/wada-281-pale-lemon-yellow-benzol-green/,https://colorcombinations.org/api/palettes/wada-281-pale-lemon-yellow-benzol-green.json,https://colorcombinations.org/embed/wada-281-pale-lemon-yellow-benzol-green/,https://colorcombinations.org/og/wada-281-pale-lemon-yellow-benzol-green.svg
wada-282-eugenia-red-b-maple,Eugenia Red | B & Maple +2,,"Plate 282 from Sanzo Wada's 1933 Dictionary of Color Combinations - Eugenia Red | B, Maple, Cobalt Green, Lilac.",red,refined|warm|bold,showa,4,#da525d,Eugenia Red | B,,#c59f6b,Maple,,#96d1aa,Cobalt Green,,#b984af,Lilac,,https://colorcombinations.org/palettes/wada-282-eugenia-red-b-maple/,https://colorcombinations.org/api/palettes/wada-282-eugenia-red-b-maple.json,https://colorcombinations.org/embed/wada-282-eugenia-red-b-maple/,https://colorcombinations.org/og/wada-282-eugenia-red-b-maple.svg
wada-283-ochre-red-pale-burnt-lake,Ochre Red & Pale Burnt Lake +2,,"Plate 283 from Sanzo Wada's 1933 Dictionary of Color Combinations - Ochre Red, Pale Burnt Lake, Chromium Green, Venice Green.",red,refined|warm|bold,showa,4,#ab544d,Ochre Red,,#802626,Pale Burnt Lake,,#719470,Chromium Green,,#62c6bf,Venice Green,,https://colorcombinations.org/palettes/wada-283-ochre-red-pale-burnt-lake/,https://colorcombinations.org/api/palettes/wada-283-ochre-red-pale-burnt-lake.json,https://colorcombinations.org/embed/wada-283-ochre-red-pale-burnt-lake/,https://colorcombinations.org/og/wada-283-ochre-red-pale-burnt-lake.svg
wada-284-eugenia-red-a-apricot-yellow,Eugenia Red | A & Apricot Yellow +2,,"Plate 284 from Sanzo Wada's 1933 Dictionary of Color Combinations - Eugenia Red | A, Apricot Yellow, Sea Green, Dusky Green.",red,refined|warm|bold,showa,4,#e2625e,Eugenia Red | A,,#ffdd00,Apricot Yellow,,#00b49b,Sea Green,,#004f46,Dusky Green,,https://colorcombinations.org/palettes/wada-284-eugenia-red-a-apricot-yellow/,https://colorcombinations.org/api/palettes/wada-284-eugenia-red-a-apricot-yellow.json,https://colorcombinations.org/embed/wada-284-eugenia-red-a-apricot-yellow/,https://colorcombinations.org/og/wada-284-eugenia-red-a-apricot-yellow.svg
wada-285-light-brown-drab-burnt-sienna,Light Brown Drab & Burnt Sienna +2,,"Plate 285 from Sanzo Wada's 1933 Dictionary of Color Combinations - Light Brown Drab, Burnt Sienna, Peach Red, Turquoise Green.",red,refined|warm|bold,showa,4,#b59392,Light Brown Drab,,#ae5224,Burnt Sienna,,#f15a30,Peach Red,,#b5decc,Turquoise Green,,https://colorcombinations.org/palettes/wada-285-light-brown-drab-burnt-sienna/,https://colorcombinations.org/api/palettes/wada-285-light-brown-drab-burnt-sienna.json,https://colorcombinations.org/embed/wada-285-light-brown-drab-burnt-sienna/,https://colorcombinations.org/og/wada-285-light-brown-drab-burnt-sienna.svg
wada-286-burnt-sienna-orange-yellow,Burnt Sienna & Orange Yellow +2,,"Plate 286 from Sanzo Wada's 1933 Dictionary of Color Combinations - Burnt Sienna, Orange Yellow, Peacock Blue, Violet Blue.",orange,refined|warm|bold,showa,4,#ae5224,Burnt Sienna,,#fcb315,Orange Yellow,,#00939b,Peacock Blue,,#40456a,Violet Blue,,https://colorcombinations.org/palettes/wada-286-burnt-sienna-orange-yellow/,https://colorcombinations.org/api/palettes/wada-286-burnt-sienna-orange-yellow.json,https://colorcombinations.org/embed/wada-286-burnt-sienna-orange-yellow/,https://colorcombinations.org/og/wada-286-burnt-sienna-orange-yellow.svg
wada-287-eosine-pink-pyrite-yellow,Eosine Pink & Pyrite Yellow +2,,"Plate 287 from Sanzo Wada's 1933 Dictionary of Color Combinations - Eosine Pink, Pyrite Yellow, Pale King's Blue, Calamine BLue.",red,refined|warm|bold,showa,4,#f37f94,Eosine Pink,,#cab356,Pyrite Yellow,,#a7d4e4,Pale King's Blue,,#78cdd0,Calamine BLue,,https://colorcombinations.org/palettes/wada-287-eosine-pink-pyrite-yellow/,https://colorcombinations.org/api/palettes/wada-287-eosine-pink-pyrite-yellow.json,https://colorcombinations.org/embed/wada-287-eosine-pink-pyrite-yellow/,https://colorcombinations.org/og/wada-287-eosine-pink-pyrite-yellow.svg
wada-288-yellow-orange-sepia,Yellow Orange & Sepia +2,,"Plate 288 from Sanzo Wada's 1933 Dictionary of Color Combinations - Yellow Orange, Sepia, Taupe Brown, Black.",yellow,solemn|warm|bold,showa,4,#f99d1b,Yellow Orange,,#644b1e,Sepia,,#7a4456,Taupe Brown,,#111314,Black,,https://colorcombinations.org/palettes/wada-288-yellow-orange-sepia/,https://colorcombinations.org/api/palettes/wada-288-yellow-orange-sepia.json,https://colorcombinations.org/embed/wada-288-yellow-orange-sepia/,https://colorcombinations.org/og/wada-288-yellow-orange-sepia.svg
wada-289-lemon-yellow-light-green-yellow,Lemon Yellow & Light Green Yellow +2,,"Plate 289 from Sanzo Wada's 1933 Dictionary of Color Combinations - Lemon Yellow, Light Green Yellow, Violet Blue, Dull Violet Black.",yellow,refined|cool|bold,showa,4,#f8ed43,Lemon Yellow,,#c7d14f,Light Green Yellow,,#40456a,Violet Blue,,#1e0e3f,Dull Violet Black,,https://colorcombinations.org/palettes/wada-289-lemon-yellow-light-green-yellow/,https://colorcombinations.org/api/palettes/wada-289-lemon-yellow-light-green-yellow.json,https://colorcombinations.org/embed/wada-289-lemon-yellow-light-green-yellow/,https://colorcombinations.org/og/wada-289-lemon-yellow-light-green-yellow.svg
wada-290-vistoris-lake-pale-lemon-yellow,Vistoris Lake & Pale Lemon Yellow +2,,"Plate 290 from Sanzo Wada's 1933 Dictionary of Color Combinations - Vistoris Lake, Pale Lemon Yellow, Lincoln Green, Cobalt Green.",red,refined|warm|bold,showa,4,#6d4145,Vistoris Lake,,#ffefae,Pale Lemon Yellow,,#555832,Lincoln Green,,#96d1aa,Cobalt Green,,https://colorcombinations.org/palettes/wada-290-vistoris-lake-pale-lemon-yellow/,https://colorcombinations.org/api/palettes/wada-290-vistoris-lake-pale-lemon-yellow.json,https://colorcombinations.org/embed/wada-290-vistoris-lake-pale-lemon-yellow/,https://colorcombinations.org/og/wada-290-vistoris-lake-pale-lemon-yellow.svg
wada-291-light-green-yellow-sea-green,Light Green Yellow & Sea Green +2,,"Plate 291 from Sanzo Wada's 1933 Dictionary of Color Combinations - Light Green Yellow, Sea Green, Cobalt Green, Calamine BLue.",yellow,refined|cool|bold,showa,4,#c7d14f,Light Green Yellow,,#00b49b,Sea Green,,#96d1aa,Cobalt Green,,#78cdd0,Calamine BLue,,https://colorcombinations.org/palettes/wada-291-light-green-yellow-sea-green/,https://colorcombinations.org/api/palettes/wada-291-light-green-yellow-sea-green.json,https://colorcombinations.org/embed/wada-291-light-green-yellow-sea-green/,https://colorcombinations.org/og/wada-291-light-green-yellow-sea-green.svg
wada-292-pale-lemon-yellow-pinkish-cinnamon,Pale Lemon Yellow & Pinkish Cinnamon +2,,"Plate 292 from Sanzo Wada's 1933 Dictionary of Color Combinations - Pale Lemon Yellow, Pinkish Cinnamon, Isabella Color, Ecru.",yellow,serene|warm|bold,showa,4,#ffefae,Pale Lemon Yellow,,#eeb480,Pinkish Cinnamon,,#c5a56e,Isabella Color,,#c2ae93,Ecru,,https://colorcombinations.org/palettes/wada-292-pale-lemon-yellow-pinkish-cinnamon/,https://colorcombinations.org/api/palettes/wada-292-pale-lemon-yellow-pinkish-cinnamon.json,https://colorcombinations.org/embed/wada-292-pale-lemon-yellow-pinkish-cinnamon/,https://colorcombinations.org/og/wada-292-pale-lemon-yellow-pinkish-cinnamon.svg
wada-293-raw-sienna-turquoise-green,Raw Sienna & Turquoise Green +2,,"Plate 293 from Sanzo Wada's 1933 Dictionary of Color Combinations - Raw Sienna, Turquoise Green, Artemesia Green, Green.",orange,refined|warm|bold,showa,4,#bb7125,Raw Sienna,,#b5decc,Turquoise Green,,#709390,Artemesia Green,,#489b6e,Green,,https://colorcombinations.org/palettes/wada-293-raw-sienna-turquoise-green/,https://colorcombinations.org/api/palettes/wada-293-raw-sienna-turquoise-green.json,https://colorcombinations.org/embed/wada-293-raw-sienna-turquoise-green/,https://colorcombinations.org/og/wada-293-raw-sienna-turquoise-green.svg
wada-294-sulpher-yellow-cream-yellow,Sulpher Yellow & Cream Yellow +2,,"Plate 294 from Sanzo Wada's 1933 Dictionary of Color Combinations - Sulpher Yellow, Cream Yellow, Cossack Green, Salvia Blue.",yellow,refined|cool|bold,showa,4,#f5ecc2,Sulpher Yellow,,#fdbf68,Cream Yellow,,#437742,Cossack Green,,#97acc8,Salvia Blue,,https://colorcombinations.org/palettes/wada-294-sulpher-yellow-cream-yellow/,https://colorcombinations.org/api/palettes/wada-294-sulpher-yellow-cream-yellow.json,https://colorcombinations.org/embed/wada-294-sulpher-yellow-cream-yellow/,https://colorcombinations.org/og/wada-294-sulpher-yellow-cream-yellow.svg
wada-295-cream-yellow-yellow,Cream Yellow & Yellow +2,,"Plate 295 from Sanzo Wada's 1933 Dictionary of Color Combinations - Cream Yellow, Yellow, Blue, Dull Violet Black.",yellow,refined|cool|bold,showa,4,#fdbf68,Cream Yellow,,#fff200,Yellow,,#006eb8,Blue,,#1e0e3f,Dull Violet Black,,https://colorcombinations.org/palettes/wada-295-cream-yellow-yellow/,https://colorcombinations.org/api/palettes/wada-295-cream-yellow-yellow.json,https://colorcombinations.org/embed/wada-295-cream-yellow-yellow/,https://colorcombinations.org/og/wada-295-cream-yellow-yellow.svg
wada-296-sulpher-yellow-ochraceous-salmon,Sulpher Yellow & Ochraceous Salmon +2,,"Plate 296 from Sanzo Wada's 1933 Dictionary of Color Combinations - Sulpher Yellow, Ochraceous Salmon, Pale Raw Umber, Slate Color.",yellow,refined|warm|bold,showa,4,#f5ecc2,Sulpher Yellow,,#d8a37b,Ochraceous Salmon,,#71502f,Pale Raw Umber,,#34454c,Slate Color,,https://colorcombinations.org/palettes/wada-296-sulpher-yellow-ochraceous-salmon/,https://colorcombinations.org/api/palettes/wada-296-sulpher-yellow-ochraceous-salmon.json,https://colorcombinations.org/embed/wada-296-sulpher-yellow-ochraceous-salmon/,https://colorcombinations.org/og/wada-296-sulpher-yellow-ochraceous-salmon.svg
wada-297-burnt-sienna-yellow-orange,Burnt Sienna & Yellow Orange +2,,"Plate 297 from Sanzo Wada's 1933 Dictionary of Color Combinations - Burnt Sienna, Yellow Orange, Olive Green, Violet Blue.",orange,refined|warm|bold,showa,4,#ae5224,Burnt Sienna,,#f99d1b,Yellow Orange,,#6b7140,Olive Green,,#40456a,Violet Blue,,https://colorcombinations.org/palettes/wada-297-burnt-sienna-yellow-orange/,https://colorcombinations.org/api/palettes/wada-297-burnt-sienna-yellow-orange.json,https://colorcombinations.org/embed/wada-297-burnt-sienna-yellow-orange/,https://colorcombinations.org/og/wada-297-burnt-sienna-yellow-orange.svg
wada-298-raw-sienna-lemon-yellow,Raw Sienna & Lemon Yellow +2,,"Plate 298 from Sanzo Wada's 1933 Dictionary of Color Combinations - Raw Sienna, Lemon Yellow, Peach Red, Black.",orange,refined|warm|bold,showa,4,#bb7125,Raw Sienna,,#f8ed43,Lemon Yellow,,#f15a30,Peach Red,,#111314,Black,,https://colorcombinations.org/palettes/wada-298-raw-sienna-lemon-yellow/,https://colorcombinations.org/api/palettes/wada-298-raw-sienna-lemon-yellow.json,https://colorcombinations.org/embed/wada-298-raw-sienna-lemon-yellow/,https://colorcombinations.org/og/wada-298-raw-sienna-lemon-yellow.svg
wada-299-indian-lake-vinaceous-cinnamon,Indian Lake & Vinaceous Cinnamon +2,,"Plate 299 from Sanzo Wada's 1933 Dictionary of Color Combinations - Indian Lake, Vinaceous Cinnamon, Oil Green, Antwarp Blue.",red,refined|warm|bold,showa,4,#c53c69,Indian Lake,,#eea78c,Vinaceous Cinnamon,,#819238,Oil Green,,#007190,Antwarp Blue,,https://colorcombinations.org/palettes/wada-299-indian-lake-vinaceous-cinnamon/,https://colorcombinations.org/api/palettes/wada-299-indian-lake-vinaceous-cinnamon.json,https://colorcombinations.org/embed/wada-299-indian-lake-vinaceous-cinnamon/,https://colorcombinations.org/og/wada-299-indian-lake-vinaceous-cinnamon.svg
wada-300-grenadine-pink-cream-yellow,Grenadine Pink & Cream Yellow +2,,"Plate 300 from Sanzo Wada's 1933 Dictionary of Color Combinations - Grenadine Pink, Cream Yellow, Turquoise Green, Calamine BLue.",red,serene|warm|bold,showa,4,#f48067,Grenadine Pink,,#fdbf68,Cream Yellow,,#b5decc,Turquoise Green,,#78cdd0,Calamine BLue,,https://colorcombinations.org/palettes/wada-300-grenadine-pink-cream-yellow/,https://colorcombinations.org/api/palettes/wada-300-grenadine-pink-cream-yellow.json,https://colorcombinations.org/embed/wada-300-grenadine-pink-cream-yellow/,https://colorcombinations.org/og/wada-300-grenadine-pink-cream-yellow.svg
wada-301-spectrum-red-ivory-buff,Spectrum Red & Ivory Buff +2,,"Plate 301 from Sanzo Wada's 1933 Dictionary of Color Combinations - Spectrum Red, Ivory Buff, Rainette Green, Aconite Violet.",red,refined|warm|bold,showa,4,#e31f26,Spectrum Red,,#ebd3a2,Ivory Buff,,#8fa071,Rainette Green,,#a36aa5,Aconite Violet,,https://colorcombinations.org/palettes/wada-301-spectrum-red-ivory-buff/,https://colorcombinations.org/api/palettes/wada-301-spectrum-red-ivory-buff.json,https://colorcombinations.org/embed/wada-301-spectrum-red-ivory-buff/,https://colorcombinations.org/og/wada-301-spectrum-red-ivory-buff.svg
wada-302-cream-yellow-ecru,Cream Yellow & Ecru +2,,"Plate 302 from Sanzo Wada's 1933 Dictionary of Color Combinations - Cream Yellow, Ecru, Nile Blue, Antwarp Blue.",yellow,refined|warm|bold,showa,4,#fdbf68,Cream Yellow,,#c2ae93,Ecru,,#bce4e5,Nile Blue,,#007190,Antwarp Blue,,https://colorcombinations.org/palettes/wada-302-cream-yellow-ecru/,https://colorcombinations.org/api/palettes/wada-302-cream-yellow-ecru.json,https://colorcombinations.org/embed/wada-302-cream-yellow-ecru/,https://colorcombinations.org/og/wada-302-cream-yellow-ecru.svg
wada-303-naples-yellow-peach-red,Naples Yellow & Peach Red +2,,"Plate 303 from Sanzo Wada's 1933 Dictionary of Color Combinations - Naples Yellow, Peach Red, Deep Slate Olive, Neutral Gray.",yellow,refined|warm|bold,showa,4,#fbe6a0,Naples Yellow,,#f15a30,Peach Red,,#253122,Deep Slate Olive,,#b6bfc1,Neutral Gray,,https://colorcombinations.org/palettes/wada-303-naples-yellow-peach-red/,https://colorcombinations.org/api/palettes/wada-303-naples-yellow-peach-red.json,https://colorcombinations.org/embed/wada-303-naples-yellow-peach-red/,https://colorcombinations.org/og/wada-303-naples-yellow-peach-red.svg
wada-304-hay-s-russet-cream-yellow,Hay's Russet & Cream Yellow +2,,"Plate 304 from Sanzo Wada's 1933 Dictionary of Color Combinations - Hay's Russet, Cream Yellow, Dark Citrine, Benzol Green.",red,refined|warm|bold,showa,4,#793327,Hay's Russet,,#fdbf68,Cream Yellow,,#8b835b,Dark Citrine,,#00978d,Benzol Green,,https://colorcombinations.org/palettes/wada-304-hay-s-russet-cream-yellow/,https://colorcombinations.org/api/palettes/wada-304-hay-s-russet-cream-yellow.json,https://colorcombinations.org/embed/wada-304-hay-s-russet-cream-yellow/,https://colorcombinations.org/og/wada-304-hay-s-russet-cream-yellow.svg
wada-305-pinkish-cinnamon-apricot-yellow,Pinkish Cinnamon & Apricot Yellow +2,,"Plate 305 from Sanzo Wada's 1933 Dictionary of Color Combinations - Pinkish Cinnamon, Apricot Yellow, Citron Yellow, Turquoise Green.",orange,refined|warm|bold,showa,4,#eeb480,Pinkish Cinnamon,,#ffdd00,Apricot Yellow,,#b2b73e,Citron Yellow,,#b5decc,Turquoise Green,,https://colorcombinations.org/palettes/wada-305-pinkish-cinnamon-apricot-yellow/,https://colorcombinations.org/api/palettes/wada-305-pinkish-cinnamon-apricot-yellow.json,https://colorcombinations.org/embed/wada-305-pinkish-cinnamon-apricot-yellow/,https://colorcombinations.org/og/wada-305-pinkish-cinnamon-apricot-yellow.svg
wada-306-lemon-yellow-benzol-green,Lemon Yellow & Benzol Green +2,,"Plate 306 from Sanzo Wada's 1933 Dictionary of Color Combinations - Lemon Yellow, Benzol Green, Dull Viridian Green, Nile Blue.",yellow,refined|cool|bold,showa,4,#f8ed43,Lemon Yellow,,#00978d,Benzol Green,,#009465,Dull Viridian Green,,#bce4e5,Nile Blue,,https://colorcombinations.org/palettes/wada-306-lemon-yellow-benzol-green/,https://colorcombinations.org/api/palettes/wada-306-lemon-yellow-benzol-green.json,https://colorcombinations.org/embed/wada-306-lemon-yellow-benzol-green/,https://colorcombinations.org/og/wada-306-lemon-yellow-benzol-green.svg
wada-307-carmine-grayish-lavender-a,Carmine & Grayish Lavender - A +2,,"Plate 307 from Sanzo Wada's 1933 Dictionary of Color Combinations - Carmine, Grayish Lavender - A, Aconite Violet, Cotinga Purple.",red,refined|warm|bold,showa,4,#cc1236,Carmine,,#b5b1d8,Grayish Lavender - A,,#a36aa5,Aconite Violet,,#501345,Cotinga Purple,,https://colorcombinations.org/palettes/wada-307-carmine-grayish-lavender-a/,https://colorcombinations.org/api/palettes/wada-307-carmine-grayish-lavender-a.json,https://colorcombinations.org/embed/wada-307-carmine-grayish-lavender-a/,https://colorcombinations.org/og/wada-307-carmine-grayish-lavender-a.svg
wada-308-fawn-scarlet,Fawn & Scarlet +2,,"Plate 308 from Sanzo Wada's 1933 Dictionary of Color Combinations - Fawn, Scarlet, English Red, Cobalt Green.",red,refined|warm|bold,showa,4,#d1b0a7,Fawn,,#cb2f43,Scarlet,,#d96629,English Red,,#96d1aa,Cobalt Green,,https://colorcombinations.org/palettes/wada-308-fawn-scarlet/,https://colorcombinations.org/api/palettes/wada-308-fawn-scarlet.json,https://colorcombinations.org/embed/wada-308-fawn-scarlet/,https://colorcombinations.org/og/wada-308-fawn-scarlet.svg
wada-309-golden-yellow-apricot-orange,Golden Yellow & Apricot Orange +2,,"Plate 309 from Sanzo Wada's 1933 Dictionary of Color Combinations - Golden Yellow, Apricot Orange, Violet Blue, Vandar Poel's Blue.",orange,refined|warm|bold,showa,4,#f3a257,Golden Yellow,,#f68c50,Apricot Orange,,#40456a,Violet Blue,,#064f6e,Vandar Poel's Blue,,https://colorcombinations.org/palettes/wada-309-golden-yellow-apricot-orange/,https://colorcombinations.org/api/palettes/wada-309-golden-yellow-apricot-orange.json,https://colorcombinations.org/embed/wada-309-golden-yellow-apricot-orange/,https://colorcombinations.org/og/wada-309-golden-yellow-apricot-orange.svg
wada-310-sulpher-yellow-pinkish-cinnamon,Sulpher Yellow & Pinkish Cinnamon +2,,"Plate 310 from Sanzo Wada's 1933 Dictionary of Color Combinations - Sulpher Yellow, Pinkish Cinnamon, Olive, Deep Slate Olive.",yellow,refined|warm|bold,showa,4,#f5ecc2,Sulpher Yellow,,#eeb480,Pinkish Cinnamon,,#837e31,Olive,,#253122,Deep Slate Olive,,https://colorcombinations.org/palettes/wada-310-sulpher-yellow-pinkish-cinnamon/,https://colorcombinations.org/api/palettes/wada-310-sulpher-yellow-pinkish-cinnamon.json,https://colorcombinations.org/embed/wada-310-sulpher-yellow-pinkish-cinnamon/,https://colorcombinations.org/og/wada-310-sulpher-yellow-pinkish-cinnamon.svg
wada-311-pompeian-red-cream-yellow,Pompeian Red & Cream Yellow +2,,"Plate 311 from Sanzo Wada's 1933 Dictionary of Color Combinations - Pompeian Red, Cream Yellow, Dark Greenish Glaucous, Light Green Yellow.",red,refined|warm|bold,showa,4,#ab2439,Pompeian Red,,#fdbf68,Cream Yellow,,#b7c2a9,Dark Greenish Glaucous,,#c7d14f,Light Green Yellow,,https://colorcombinations.org/palettes/wada-311-pompeian-red-cream-yellow/,https://colorcombinations.org/api/palettes/wada-311-pompeian-red-cream-yellow.json,https://colorcombinations.org/embed/wada-311-pompeian-red-cream-yellow/,https://colorcombinations.org/og/wada-311-pompeian-red-cream-yellow.svg
wada-312-burnt-sienna-yellow-orange,Burnt Sienna & Yellow Orange +2,,"Plate 312 from Sanzo Wada's 1933 Dictionary of Color Combinations - Burnt Sienna, Yellow Orange, Artemesia Green, Helvetia Blue.",orange,refined|warm|bold,showa,4,#ae5224,Burnt Sienna,,#f99d1b,Yellow Orange,,#709390,Artemesia Green,,#005b8d,Helvetia Blue,,https://colorcombinations.org/palettes/wada-312-burnt-sienna-yellow-orange/,https://colorcombinations.org/api/palettes/wada-312-burnt-sienna-yellow-orange.json,https://colorcombinations.org/embed/wada-312-burnt-sienna-yellow-orange/,https://colorcombinations.org/og/wada-312-burnt-sienna-yellow-orange.svg
wada-313-carmine-yellow,Carmine & Yellow +2,,"Plate 313 from Sanzo Wada's 1933 Dictionary of Color Combinations - Carmine, Yellow, Diamine Green, Black.",red,solemn|warm|bold,showa,4,#cc1236,Carmine,,#fff200,Yellow,,#1a7444,Diamine Green,,#111314,Black,,https://colorcombinations.org/palettes/wada-313-carmine-yellow/,https://colorcombinations.org/api/palettes/wada-313-carmine-yellow.json,https://colorcombinations.org/embed/wada-313-carmine-yellow/,https://colorcombinations.org/og/wada-313-carmine-yellow.svg
wada-314-eosine-pink-hay-s-russet,Eosine Pink & Hay's Russet +2,,"Plate 314 from Sanzo Wada's 1933 Dictionary of Color Combinations - Eosine Pink, Hay's Russet, Deep Lyons Blue, Dusky Madder Violet.",red,refined|warm|bold,showa,4,#f37f94,Eosine Pink,,#793327,Hay's Russet,,#1c4286,Deep Lyons Blue,,#4e1d4c,Dusky Madder Violet,,https://colorcombinations.org/palettes/wada-314-eosine-pink-hay-s-russet/,https://colorcombinations.org/api/palettes/wada-314-eosine-pink-hay-s-russet.json,https://colorcombinations.org/embed/wada-314-eosine-pink-hay-s-russet/,https://colorcombinations.org/og/wada-314-eosine-pink-hay-s-russet.svg
wada-315-grenadine-pink-sulpher-yellow,Grenadine Pink & Sulpher Yellow +2,,"Plate 315 from Sanzo Wada's 1933 Dictionary of Color Combinations - Grenadine Pink, Sulpher Yellow, Golden Yellow, Eupatorium Purple.",red,refined|warm|bold,showa,4,#f48067,Grenadine Pink,,#f5ecc2,Sulpher Yellow,,#f3a257,Golden Yellow,,#bf5892,Eupatorium Purple,,https://colorcombinations.org/palettes/wada-315-grenadine-pink-sulpher-yellow/,https://colorcombinations.org/api/palettes/wada-315-grenadine-pink-sulpher-yellow.json,https://colorcombinations.org/embed/wada-315-grenadine-pink-sulpher-yellow/,https://colorcombinations.org/og/wada-315-grenadine-pink-sulpher-yellow.svg
wada-316-vandyke-red-dull-viridian-green,Vandyke Red & Dull Viridian Green +2,,"Plate 316 from Sanzo Wada's 1933 Dictionary of Color Combinations - Vandyke Red, Dull Viridian Green, Violet, Red Violet.",red,solemn|warm|bold,showa,4,#82241f,Vandyke Red,,#009465,Dull Viridian Green,,#4f4086,Violet,,#59256a,Red Violet,,https://colorcombinations.org/palettes/wada-316-vandyke-red-dull-viridian-green/,https://colorcombinations.org/api/palettes/wada-316-vandyke-red-dull-viridian-green.json,https://colorcombinations.org/embed/wada-316-vandyke-red-dull-viridian-green/,https://colorcombinations.org/og/wada-316-vandyke-red-dull-viridian-green.svg
wada-317-light-pinkish-cinnamon-ecru,Light Pinkish Cinnamon & Ecru +2,,"Plate 317 from Sanzo Wada's 1933 Dictionary of Color Combinations - Light Pinkish Cinnamon, Ecru, Lemon Yellow, Turquoise Green.",orange,serene|warm|bold,showa,4,#fcc79b,Light Pinkish Cinnamon,,#c2ae93,Ecru,,#f8ed43,Lemon Yellow,,#b5decc,Turquoise Green,,https://colorcombinations.org/palettes/wada-317-light-pinkish-cinnamon-ecru/,https://colorcombinations.org/api/palettes/wada-317-light-pinkish-cinnamon-ecru.json,https://colorcombinations.org/embed/wada-317-light-pinkish-cinnamon-ecru/,https://colorcombinations.org/og/wada-317-light-pinkish-cinnamon-ecru.svg
wada-318-light-brownish-olive-blackish-olive,Light Brownish Olive & Blackish Olive +2,,"Plate 318 from Sanzo Wada's 1933 Dictionary of Color Combinations - Light Brownish Olive, Blackish Olive, Dusky Green, Deep Slate Green.",yellow,solemn|cool|bold,showa,4,#806e4b,Light Brownish Olive,,#42533e,Blackish Olive,,#004f46,Dusky Green,,#112f2c,Deep Slate Green,,https://colorcombinations.org/palettes/wada-318-light-brownish-olive-blackish-olive/,https://colorcombinations.org/api/palettes/wada-318-light-brownish-olive-blackish-olive.json,https://colorcombinations.org/embed/wada-318-light-brownish-olive-blackish-olive/,https://colorcombinations.org/og/wada-318-light-brownish-olive-blackish-olive.svg
wada-319-raw-sienna-apricot-yellow,Raw Sienna & Apricot Yellow +2,,"Plate 319 from Sanzo Wada's 1933 Dictionary of Color Combinations - Raw Sienna, Apricot Yellow, Yellow Orange, Cossack Green.",orange,refined|warm|bold,showa,4,#bb7125,Raw Sienna,,#ffdd00,Apricot Yellow,,#f99d1b,Yellow Orange,,#437742,Cossack Green,,https://colorcombinations.org/palettes/wada-319-raw-sienna-apricot-yellow/,https://colorcombinations.org/api/palettes/wada-319-raw-sienna-apricot-yellow.json,https://colorcombinations.org/embed/wada-319-raw-sienna-apricot-yellow/,https://colorcombinations.org/og/wada-319-raw-sienna-apricot-yellow.svg
wada-320-coral-red-sulpher-yellow,Coral Red & Sulpher Yellow +2,,"Plate 320 from Sanzo Wada's 1933 Dictionary of Color Combinations - Coral Red, Sulpher Yellow, Oil Green, Light Glaucous Blue.",red,refined|warm|bold,showa,4,#f58e84,Coral Red,,#f5ecc2,Sulpher Yellow,,#819238,Oil Green,,#a5c8d1,Light Glaucous Blue,,https://colorcombinations.org/palettes/wada-320-coral-red-sulpher-yellow/,https://colorcombinations.org/api/palettes/wada-320-coral-red-sulpher-yellow.json,https://colorcombinations.org/embed/wada-320-coral-red-sulpher-yellow/,https://colorcombinations.org/og/wada-320-coral-red-sulpher-yellow.svg
wada-321-light-brown-drab-sulpher-yellow,Light Brown Drab & Sulpher Yellow +2,,"Plate 321 from Sanzo Wada's 1933 Dictionary of Color Combinations - Light Brown Drab, Sulpher Yellow, Deep Slate Olive, Salvia Blue.",red,refined|warm|bold,showa,4,#b59392,Light Brown Drab,,#f5ecc2,Sulpher Yellow,,#253122,Deep Slate Olive,,#97acc8,Salvia Blue,,https://colorcombinations.org/palettes/wada-321-light-brown-drab-sulpher-yellow/,https://colorcombinations.org/api/palettes/wada-321-light-brown-drab-sulpher-yellow.json,https://colorcombinations.org/embed/wada-321-light-brown-drab-sulpher-yellow/,https://colorcombinations.org/og/wada-321-light-brown-drab-sulpher-yellow.svg
wada-322-spectrum-red-brick-red,Spectrum Red & Brick Red +2,,"Plate 322 from Sanzo Wada's 1933 Dictionary of Color Combinations - Spectrum Red, Brick Red, Eupatorium Purple, Blue Violet.",red,refined|warm|bold,showa,4,#e31f26,Spectrum Red,,#a84222,Brick Red,,#bf5892,Eupatorium Purple,,#6450a1,Blue Violet,,https://colorcombinations.org/palettes/wada-322-spectrum-red-brick-red/,https://colorcombinations.org/api/palettes/wada-322-spectrum-red-brick-red.json,https://colorcombinations.org/embed/wada-322-spectrum-red-brick-red/,https://colorcombinations.org/og/wada-322-spectrum-red-brick-red.svg
wada-323-cinnamon-buff-citron-yellow,Cinnamon Buff & Citron Yellow +2,,"Plate 323 from Sanzo Wada's 1933 Dictionary of Color Combinations - Cinnamon Buff, Citron Yellow, Madder Brown, Black.",orange,refined|warm|bold,showa,4,#fdc57e,Cinnamon Buff,,#b2b73e,Citron Yellow,,#762c19,Madder Brown,,#111314,Black,,https://colorcombinations.org/palettes/wada-323-cinnamon-buff-citron-yellow/,https://colorcombinations.org/api/palettes/wada-323-cinnamon-buff-citron-yellow.json,https://colorcombinations.org/embed/wada-323-cinnamon-buff-citron-yellow/,https://colorcombinations.org/og/wada-323-cinnamon-buff-citron-yellow.svg
wada-324-pompeian-red-olympic-blue,Pompeian Red & Olympic Blue +2,,"Plate 324 from Sanzo Wada's 1933 Dictionary of Color Combinations - Pompeian Red, Olympic Blue, Aconite Violet, Neutral Gray.",red,refined|warm|bold,showa,4,#ab2439,Pompeian Red,,#5a82b3,Olympic Blue,,#a36aa5,Aconite Violet,,#b6bfc1,Neutral Gray,,https://colorcombinations.org/palettes/wada-324-pompeian-red-olympic-blue/,https://colorcombinations.org/api/palettes/wada-324-pompeian-red-olympic-blue.json,https://colorcombinations.org/embed/wada-324-pompeian-red-olympic-blue/,https://colorcombinations.org/og/wada-324-pompeian-red-olympic-blue.svg
wada-325-eugenia-red-b-naples-yellow,Eugenia Red | B & Naples Yellow +2,,"Plate 325 from Sanzo Wada's 1933 Dictionary of Color Combinations - Eugenia Red | B, Naples Yellow, Yellow Ocher, Deep Slate Green.",red,refined|warm|bold,showa,4,#da525d,Eugenia Red | B,,#fbe6a0,Naples Yellow,,#e2b540,Yellow Ocher,,#112f2c,Deep Slate Green,,https://colorcombinations.org/palettes/wada-325-eugenia-red-b-naples-yellow/,https://colorcombinations.org/api/palettes/wada-325-eugenia-red-b-naples-yellow.json,https://colorcombinations.org/embed/wada-325-eugenia-red-b-naples-yellow/,https://colorcombinations.org/og/wada-325-eugenia-red-b-naples-yellow.svg
wada-326-sulpher-yellow-peach-red,Sulpher Yellow & Peach Red +2,,"Plate 326 from Sanzo Wada's 1933 Dictionary of Color Combinations - Sulpher Yellow, Peach Red, Yellow Green, Night Green.",yellow,refined|warm|bold,showa,4,#f5ecc2,Sulpher Yellow,,#f15a30,Peach Red,,#afd472,Yellow Green,,#87c540,Night Green,,https://colorcombinations.org/palettes/wada-326-sulpher-yellow-peach-red/,https://colorcombinations.org/api/palettes/wada-326-sulpher-yellow-peach-red.json,https://colorcombinations.org/embed/wada-326-sulpher-yellow-peach-red/,https://colorcombinations.org/og/wada-326-sulpher-yellow-peach-red.svg
wada-327-eosine-pink-raw-sienna,Eosine Pink & Raw Sienna +2,,"Plate 327 from Sanzo Wada's 1933 Dictionary of Color Combinations - Eosine Pink, Raw Sienna, Ecru, Grayish Lavender - B.",red,refined|warm|bold,showa,4,#f37f94,Eosine Pink,,#bb7125,Raw Sienna,,#c2ae93,Ecru,,#c0a9b3,Grayish Lavender - B,,https://colorcombinations.org/palettes/wada-327-eosine-pink-raw-sienna/,https://colorcombinations.org/api/palettes/wada-327-eosine-pink-raw-sienna.json,https://colorcombinations.org/embed/wada-327-eosine-pink-raw-sienna/,https://colorcombinations.org/og/wada-327-eosine-pink-raw-sienna.svg
wada-328-brick-red-apricot-orange,Brick Red & Apricot Orange +2,,"Plate 328 from Sanzo Wada's 1933 Dictionary of Color Combinations - Brick Red, Apricot Orange, Vandyke Brown, Light Porcelain Green.",red,refined|warm|bold,showa,4,#a84222,Brick Red,,#f68c50,Apricot Orange,,#4b3317,Vandyke Brown,,#00908a,Light Porcelain Green,,https://colorcombinations.org/palettes/wada-328-brick-red-apricot-orange/,https://colorcombinations.org/api/palettes/wada-328-brick-red-apricot-orange.json,https://colorcombinations.org/embed/wada-328-brick-red-apricot-orange/,https://colorcombinations.org/og/wada-328-brick-red-apricot-orange.svg
wada-329-cream-yellow-grayish-lavender-b,Cream Yellow & Grayish Lavender - B +2,,"Plate 329 from Sanzo Wada's 1933 Dictionary of Color Combinations - Cream Yellow, Grayish Lavender - B, Cotinga Purple, Slate Color.",yellow,refined|bold,showa,4,#fdbf68,Cream Yellow,,#c0a9b3,Grayish Lavender - B,,#501345,Cotinga Purple,,#34454c,Slate Color,,https://colorcombinations.org/palettes/wada-329-cream-yellow-grayish-lavender-b/,https://colorcombinations.org/api/palettes/wada-329-cream-yellow-grayish-lavender-b.json,https://colorcombinations.org/embed/wada-329-cream-yellow-grayish-lavender-b/,https://colorcombinations.org/og/wada-329-cream-yellow-grayish-lavender-b.svg
wada-330-olive-buff-nile-blue,Olive Buff & Nile Blue +2,,"Plate 330 from Sanzo Wada's 1933 Dictionary of Color Combinations - Olive Buff, Nile Blue, Salvia Blue, Green Blue.",yellow,refined|cool|bold,showa,4,#c1c494,Olive Buff,,#bce4e5,Nile Blue,,#97acc8,Salvia Blue,,#099197,Green Blue,,https://colorcombinations.org/palettes/wada-330-olive-buff-nile-blue/,https://colorcombinations.org/api/palettes/wada-330-olive-buff-nile-blue.json,https://colorcombinations.org/embed/wada-330-olive-buff-nile-blue/,https://colorcombinations.org/og/wada-330-olive-buff-nile-blue.svg
wada-331-indian-lake-dull-violet-black,Indian Lake & Dull Violet Black +2,,"Plate 331 from Sanzo Wada's 1933 Dictionary of Color Combinations - Indian Lake, Dull Violet Black, Light Mauve, Violet.",red,refined|warm|bold,showa,4,#c53c69,Indian Lake,,#1e0e3f,Dull Violet Black,,#9a72aa,Light Mauve,,#4f4086,Violet,,https://colorcombinations.org/palettes/wada-331-indian-lake-dull-violet-black/,https://colorcombinations.org/api/palettes/wada-331-indian-lake-dull-violet-black.json,https://colorcombinations.org/embed/wada-331-indian-lake-dull-violet-black/,https://colorcombinations.org/og/wada-331-indian-lake-dull-violet-black.svg
wada-332-coral-red-scarlet,Coral Red & Scarlet +2,,"Plate 332 from Sanzo Wada's 1933 Dictionary of Color Combinations - Coral Red, Scarlet, Deep Slate Olive, Dusky Green.",red,refined|warm|bold,showa,4,#f58e84,Coral Red,,#cb2f43,Scarlet,,#253122,Deep Slate Olive,,#004f46,Dusky Green,,https://colorcombinations.org/palettes/wada-332-coral-red-scarlet/,https://colorcombinations.org/api/palettes/wada-332-coral-red-scarlet.json,https://colorcombinations.org/embed/wada-332-coral-red-scarlet/,https://colorcombinations.org/og/wada-332-coral-red-scarlet.svg
wada-333-burnt-sienna-lemon-yellow,Burnt Sienna & Lemon Yellow +2,,"Plate 333 from Sanzo Wada's 1933 Dictionary of Color Combinations - Burnt Sienna, Lemon Yellow, Cobalt Green, Blue.",orange,refined|warm|bold,showa,4,#ae5224,Burnt Sienna,,#f8ed43,Lemon Yellow,,#96d1aa,Cobalt Green,,#006eb8,Blue,,https://colorcombinations.org/palettes/wada-333-burnt-sienna-lemon-yellow/,https://colorcombinations.org/api/palettes/wada-333-burnt-sienna-lemon-yellow.json,https://colorcombinations.org/embed/wada-333-burnt-sienna-lemon-yellow/,https://colorcombinations.org/og/wada-333-burnt-sienna-lemon-yellow.svg
wada-334-seashell-pink-olive,Seashell Pink & Olive +2,,"Plate 334 from Sanzo Wada's 1933 Dictionary of Color Combinations - Seashell Pink, Olive, Yellow Green, Antwarp Blue.",orange,refined|warm|bold,showa,4,#fdd4bd,Seashell Pink,,#837e31,Olive,,#afd472,Yellow Green,,#007190,Antwarp Blue,,https://colorcombinations.org/palettes/wada-334-seashell-pink-olive/,https://colorcombinations.org/api/palettes/wada-334-seashell-pink-olive.json,https://colorcombinations.org/embed/wada-334-seashell-pink-olive/,https://colorcombinations.org/og/wada-334-seashell-pink-olive.svg
wada-335-vandyke-red-yellow-orange,Vandyke Red & Yellow Orange +2,,"Plate 335 from Sanzo Wada's 1933 Dictionary of Color Combinations - Vandyke Red, Yellow Orange, Violet, Slate Color.",red,refined|warm|bold,showa,4,#82241f,Vandyke Red,,#f99d1b,Yellow Orange,,#4f4086,Violet,,#34454c,Slate Color,,https://colorcombinations.org/palettes/wada-335-vandyke-red-yellow-orange/,https://colorcombinations.org/api/palettes/wada-335-vandyke-red-yellow-orange.json,https://colorcombinations.org/embed/wada-335-vandyke-red-yellow-orange/,https://colorcombinations.org/og/wada-335-vandyke-red-yellow-orange.svg
wada-336-eosine-pink-hay-s-russet,Eosine Pink & Hay's Russet +2,,"Plate 336 from Sanzo Wada's 1933 Dictionary of Color Combinations - Eosine Pink, Hay's Russet, Pale Lemon Yellow, Blackish Olive.",red,refined|warm|bold,showa,4,#f37f94,Eosine Pink,,#793327,Hay's Russet,,#ffefae,Pale Lemon Yellow,,#42533e,Blackish Olive,,https://colorcombinations.org/palettes/wada-336-eosine-pink-hay-s-russet/,https://colorcombinations.org/api/palettes/wada-336-eosine-pink-hay-s-russet.json,https://colorcombinations.org/embed/wada-336-eosine-pink-hay-s-russet/,https://colorcombinations.org/og/wada-336-eosine-pink-hay-s-russet.svg
wada-337-vistoris-lake-laelia-pink,Vistoris Lake & Laelia Pink +2,,"Plate 337 from Sanzo Wada's 1933 Dictionary of Color Combinations - Vistoris Lake, Laelia Pink, Violet Carmine, Black.",red,refined|warm|bold,showa,4,#6d4145,Vistoris Lake,,#ca92a8,Laelia Pink,,#713b4c,Violet Carmine,,#111314,Black,,https://colorcombinations.org/palettes/wada-337-vistoris-lake-laelia-pink/,https://colorcombinations.org/api/palettes/wada-337-vistoris-lake-laelia-pink.json,https://colorcombinations.org/embed/wada-337-vistoris-lake-laelia-pink/,https://colorcombinations.org/og/wada-337-vistoris-lake-laelia-pink.svg
wada-338-carmine-red-orange-yellow,Carmine Red & Orange Yellow +2,,"Plate 338 from Sanzo Wada's 1933 Dictionary of Color Combinations - Carmine Red, Orange Yellow, Dusky Green, Grayish Lavender - B.",red,refined|warm|bold,showa,4,#a62c37,Carmine Red,,#fcb315,Orange Yellow,,#004f46,Dusky Green,,#c0a9b3,Grayish Lavender - B,,https://colorcombinations.org/palettes/wada-338-carmine-red-orange-yellow/,https://colorcombinations.org/api/palettes/wada-338-carmine-red-orange-yellow.json,https://colorcombinations.org/embed/wada-338-carmine-red-orange-yellow/,https://colorcombinations.org/og/wada-338-carmine-red-orange-yellow.svg
wada-339-ochraceous-salmon-english-red,Ochraceous Salmon & English Red +2,,"Plate 339 from Sanzo Wada's 1933 Dictionary of Color Combinations - Ochraceous Salmon, English Red, Light Glaucous Blue, Violet Blue.",orange,refined|warm|bold,showa,4,#d8a37b,Ochraceous Salmon,,#d96629,English Red,,#a5c8d1,Light Glaucous Blue,,#40456a,Violet Blue,,https://colorcombinations.org/palettes/wada-339-ochraceous-salmon-english-red/,https://colorcombinations.org/api/palettes/wada-339-ochraceous-salmon-english-red.json,https://colorcombinations.org/embed/wada-339-ochraceous-salmon-english-red/,https://colorcombinations.org/og/wada-339-ochraceous-salmon-english-red.svg
wada-340-peach-red-sea-green,Peach Red & Sea Green +2,,"Plate 340 from Sanzo Wada's 1933 Dictionary of Color Combinations - Peach Red, Sea Green, Neutral Gray, Black.",red,refined|warm|bold,showa,4,#f15a30,Peach Red,,#00b49b,Sea Green,,#b6bfc1,Neutral Gray,,#111314,Black,,https://colorcombinations.org/palettes/wada-340-peach-red-sea-green/,https://colorcombinations.org/api/palettes/wada-340-peach-red-sea-green.json,https://colorcombinations.org/embed/wada-340-peach-red-sea-green/,https://colorcombinations.org/og/wada-340-peach-red-sea-green.svg
wada-341-grenadine-pink-cossack-green,Grenadine Pink & Cossack Green +2,,"Plate 341 from Sanzo Wada's 1933 Dictionary of Color Combinations - Grenadine Pink, Cossack Green, Deep Slate Olive, Light Glaucous Blue.",red,refined|warm|bold,showa,4,#f48067,Grenadine Pink,,#437742,Cossack Green,,#253122,Deep Slate Olive,,#a5c8d1,Light Glaucous Blue,,https://colorcombinations.org/palettes/wada-341-grenadine-pink-cossack-green/,https://colorcombinations.org/api/palettes/wada-341-grenadine-pink-cossack-green.json,https://colorcombinations.org/embed/wada-341-grenadine-pink-cossack-green/,https://colorcombinations.org/og/wada-341-grenadine-pink-cossack-green.svg
wada-342-corinthian-pink-cream-yellow,Corinthian Pink & Cream Yellow +2,,"Plate 342 from Sanzo Wada's 1933 Dictionary of Color Combinations - Corinthian Pink, Cream Yellow, Orange Citrine, Deep Slate Olive.",red,refined|warm|bold,showa,4,#f8b6ba,Corinthian Pink,,#fdbf68,Cream Yellow,,#986f2d,Orange Citrine,,#253122,Deep Slate Olive,,https://colorcombinations.org/palettes/wada-342-corinthian-pink-cream-yellow/,https://colorcombinations.org/api/palettes/wada-342-corinthian-pink-cream-yellow.json,https://colorcombinations.org/embed/wada-342-corinthian-pink-cream-yellow/,https://colorcombinations.org/og/wada-342-corinthian-pink-cream-yellow.svg
wada-343-burnt-sienna-ivory-buff,Burnt Sienna & Ivory Buff +2,,"Plate 343 from Sanzo Wada's 1933 Dictionary of Color Combinations - Burnt Sienna, Ivory Buff, Deep Grayish Olive, Vandar Poel's Blue.",orange,refined|warm|bold,showa,4,#ae5224,Burnt Sienna,,#ebd3a2,Ivory Buff,,#635a3a,Deep Grayish Olive,,#064f6e,Vandar Poel's Blue,,https://colorcombinations.org/palettes/wada-343-burnt-sienna-ivory-buff/,https://colorcombinations.org/api/palettes/wada-343-burnt-sienna-ivory-buff.json,https://colorcombinations.org/embed/wada-343-burnt-sienna-ivory-buff/,https://colorcombinations.org/og/wada-343-burnt-sienna-ivory-buff.svg
wada-344-cinnamon-buff-deep-lyons-blue,Cinnamon Buff & Deep Lyons Blue +2,,"Plate 344 from Sanzo Wada's 1933 Dictionary of Color Combinations - Cinnamon Buff, Deep Lyons Blue, Aconite Violet, Black.",orange,refined|warm|bold,showa,4,#fdc57e,Cinnamon Buff,,#1c4286,Deep Lyons Blue,,#a36aa5,Aconite Violet,,#111314,Black,,https://colorcombinations.org/palettes/wada-344-cinnamon-buff-deep-lyons-blue/,https://colorcombinations.org/api/palettes/wada-344-cinnamon-buff-deep-lyons-blue.json,https://colorcombinations.org/embed/wada-344-cinnamon-buff-deep-lyons-blue/,https://colorcombinations.org/og/wada-344-cinnamon-buff-deep-lyons-blue.svg
wada-345-hay-s-russet-nile-blue,Hay's Russet & Nile Blue +2,,"Plate 345 from Sanzo Wada's 1933 Dictionary of Color Combinations - Hay's Russet, Nile Blue, Venice Green, Blue Violet.",red,refined|warm|bold,showa,4,#793327,Hay's Russet,,#bce4e5,Nile Blue,,#62c6bf,Venice Green,,#6450a1,Blue Violet,,https://colorcombinations.org/palettes/wada-345-hay-s-russet-nile-blue/,https://colorcombinations.org/api/palettes/wada-345-hay-s-russet-nile-blue.json,https://colorcombinations.org/embed/wada-345-hay-s-russet-nile-blue/,https://colorcombinations.org/og/wada-345-hay-s-russet-nile-blue.svg
wada-346-rosolanc-purple-turquoise-green,Rosolanc Purple & Turquoise Green +2,,"Plate 346 from Sanzo Wada's 1933 Dictionary of Color Combinations - Rosolanc Purple, Turquoise Green, Light Green Yellow, Andover Green.",pink,refined|cool|bold,showa,4,#b73f74,Rosolanc Purple,,#b5decc,Turquoise Green,,#c7d14f,Light Green Yellow,,#6d7e77,Andover Green,,https://colorcombinations.org/palettes/wada-346-rosolanc-purple-turquoise-green/,https://colorcombinations.org/api/palettes/wada-346-rosolanc-purple-turquoise-green.json,https://colorcombinations.org/embed/wada-346-rosolanc-purple-turquoise-green/,https://colorcombinations.org/og/wada-346-rosolanc-purple-turquoise-green.svg
wada-347-olive-yellow-sea-green,Olive Yellow & Sea Green +2,,"Plate 347 from Sanzo Wada's 1933 Dictionary of Color Combinations - Olive Yellow, Sea Green, Helvetia Blue, Lilac.",yellow,refined|cool|bold,showa,4,#a6a159,Olive Yellow,,#00b49b,Sea Green,,#005b8d,Helvetia Blue,,#b984af,Lilac,,https://colorcombinations.org/palettes/wada-347-olive-yellow-sea-green/,https://colorcombinations.org/api/palettes/wada-347-olive-yellow-sea-green.json,https://colorcombinations.org/embed/wada-347-olive-yellow-sea-green/,https://colorcombinations.org/og/wada-347-olive-yellow-sea-green.svg
wada-348-olive-buff-cossack-green,Olive Buff & Cossack Green +2,,"Plate 348 from Sanzo Wada's 1933 Dictionary of Color Combinations - Olive Buff, Cossack Green, Deep Slate Olive, Cotinga Purple.",yellow,solemn|cool|bold,showa,4,#c1c494,Olive Buff,,#437742,Cossack Green,,#253122,Deep Slate Olive,,#501345,Cotinga Purple,,https://colorcombinations.org/palettes/wada-348-olive-buff-cossack-green/,https://colorcombinations.org/api/palettes/wada-348-olive-buff-cossack-green.json,https://colorcombinations.org/embed/wada-348-olive-buff-cossack-green/,https://colorcombinations.org/og/wada-348-olive-buff-cossack-green.svg
